mean,std,L,p
1.060633793018778,0.13400048032340253,1000.0,0.4
1.0476265992467286,0.1506287344912274,1000.0,0.4
1.0495309073538839,0.1415954333746185,1000.0,0.4
1.0424960125365386,0.1505864987519825,1000.0,0.4
1.0542414096693957,0.14963635736695752,1000.0,0.4
1.0619129483931584,0.1461393323735397,1000.0,0.4
1.0520271522553761,0.1361647796401623,1000.0,0.4
1.07939272585528,0.1352283238872509,1000.0,0.4
1.0628221026203388,0.12355078290331782,1000.0,0.4
1.0467613883109392,0.13743326018546972,1000.0,0.4
1.044965367618804,0.1433740518763183,1000.0,0.4
1.0639100988863899,0.13434735436859838,1000.0,0.4
1.0364104467976778,0.15115228845650583,1000.0,0.4
1.0603217039057797,0.1473969874149326,1000.0,0.4
1.0627372904300996,0.15737385127494544,1000.0,0.4
1.0492817618450885,0.14951741785762948,1000.0,0.4
1.0301151324148146,0.1399783006606449,1000.0,0.4
1.0422785508926853,0.14642972458889766,1000.0,0.4
1.0644789044915366,0.13508716618129551,1000.0,0.4
1.0358600390904527,0.14383082887422055,1000.0,0.4
1.0616228005672415,0.12810557987220678,1000.0,0.4
1.036531554601708,0.1289167582218347,1000.0,0.4
1.0561439941024815,0.1474347767446721,1000.0,0.4
1.0536526163650022,0.11986231026500087,1000.0,0.4
1.0510565581795515,0.14732941508086267,1000.0,0.4
1.0319666208295413,0.14012745257597217,1000.0,0.4
1.0477085279555456,0.14850740673111051,1000.0,0.4
1.0745392765633774,0.14210015364471454,1000.0,0.4
1.0210435348732607,0.14585554163469816,1000.0,0.4
1.0270640101765123,0.14988876964756623,1000.0,0.4
1.0442487274559156,0.147245174745228,1000.0,0.4
1.049757614632505,0.14249577385782258,1000.0,0.4
1.0816703432599686,0.14481943001534736,1000.0,0.4
1.0617797861986202,0.1498511712662879,1000.0,0.4
1.054155337736217,0.14257419249761127,1000.0,0.4
1.0297271862195205,0.15022109551869758,1000.0,0.4
1.059719778340951,0.14538381006394555,1000.0,0.4
1.0445396388262975,0.14970947543428587,1000.0,0.4
1.062200981862103,0.13808305581479166,1000.0,0.4
1.028401945065958,0.14144041648414174,1000.0,0.4
1.055060798401645,0.13304951838306128,1000.0,0.4
1.0355807813995277,0.14352795124213827,1000.0,0.4
1.0605480058282533,0.14044588615037132,1000.0,0.4
1.039742174527989,0.1336045026474122,1000.0,0.4
1.0503548636772193,0.1402915618352421,1000.0,0.4
1.0558792289881305,0.1424499300546054,1000.0,0.4
1.0340830557581409,0.15659062500522772,1000.0,0.4
1.0497342742704163,0.15061434651708663,1000.0,0.4
1.020293996521468,0.1474540489968216,1000.0,0.4
1.041914668136905,0.13699667325031878,1000.0,0.4
1.035786548724173,0.14436854264246685,1000.0,0.4
1.0607216399333195,0.1378739536029939,1000.0,0.4
1.047267384471634,0.13131072547359596,1000.0,0.4
1.0538969464767978,0.13943096254643345,1000.0,0.4
1.0720077949205442,0.13138894716078423,1000.0,0.4
1.031746253542421,0.137990519430498,1000.0,0.4
1.0543792303838389,0.14648709295040122,1000.0,0.4
1.0536762612768313,0.14383024504048206,1000.0,0.4
1.0627373869435115,0.14314408070337367,1000.0,0.4
1.0536717185902829,0.14689471695076636,1000.0,0.4
1.0408031440972814,0.14484965774933914,1000.0,0.4
1.0554752979619357,0.1570413760842978,1000.0,0.4
1.066409847786013,0.14976062663167236,1000.0,0.4
1.0298446201465623,0.13398949397158982,1000.0,0.4
1.0798134793135485,0.13782223295079374,1000.0,0.4
1.0719264785719695,0.1396743373487651,1000.0,0.4
1.0662510507705336,0.13732385777898487,1000.0,0.4
1.0701063220615386,0.14019749049025607,1000.0,0.4
1.0368528349128199,0.1435275656718987,1000.0,0.4
1.038056896655235,0.1582899052072795,1000.0,0.4
1.0703103181192313,0.1437804504346746,1000.0,0.4
1.0410770919414813,0.14482801274560825,1000.0,0.4
1.0571460593803614,0.13741339677781536,1000.0,0.4
1.0804335882570753,0.15407208931808733,1000.0,0.4
1.0744365332362444,0.13946672046887276,1000.0,0.4
1.0364955367445923,0.14592049711876723,1000.0,0.4
1.059081670469866,0.1316292878968697,1000.0,0.4
1.073190031276867,0.1468104938541134,1000.0,0.4
1.0592434227825565,0.13852795312115607,1000.0,0.4
1.0340046782444003,0.15441192551425695,1000.0,0.4
1.0238366743273501,0.14283466276229367,1000.0,0.4
1.0562108229077247,0.1481141532149074,1000.0,0.4
1.0401330335547487,0.12622874182042695,1000.0,0.4
1.035092156846894,0.15586679431750178,1000.0,0.4
1.02187161739512,0.15141306722281897,1000.0,0.4
1.0568247674965099,0.1461106820449646,1000.0,0.4
1.0542241784641306,0.14634874989805022,1000.0,0.4
1.0302533642534106,0.1285201462383573,1000.0,0.4
1.0234974567504591,0.1419169400383349,1000.0,0.4
1.0621403987012645,0.15458734311286704,1000.0,0.4
1.0386638346328882,0.14301278347381777,1000.0,0.4
1.0420948073631777,0.1593066421921579,1000.0,0.4
1.0455162719168523,0.1592723997117582,1000.0,0.4
0.9955471809067562,0.14391622016850564,1000.0,0.4
1.0718853477726262,0.14011976996321,1000.0,0.4
1.053083894629507,0.15008658312754164,1000.0,0.4
1.0541157878471838,0.12932931239337073,1000.0,0.4
1.0438737295052842,0.13999913392522798,1000.0,0.4
1.0531581719930683,0.13027502162290022,1000.0,0.4
1.0456472984182705,0.13570867937362294,1000.0,0.4
1.053525430000915,0.12994418343081884,1000.0,0.4
1.0365860272480714,0.1562797954957759,1000.0,0.4
1.044357360815977,0.13672532172728444,1000.0,0.4
1.0533115268609885,0.13976949087901572,1000.0,0.4
1.0608541616796172,0.13939433857790892,1000.0,0.4
1.047612938666296,0.15057198211811254,1000.0,0.4
1.0681075876328114,0.14125469131936372,1000.0,0.4
1.035052448993712,0.14315611425599903,1000.0,0.4
1.0505513609373802,0.13487924001664556,1000.0,0.4
1.0640842074979395,0.13902580728733532,1000.0,0.4
1.0397288321174634,0.14345216280876424,1000.0,0.4
1.0466847570331297,0.1492512389239085,1000.0,0.4
1.0766399920033578,0.1350735515659327,1000.0,0.4
1.0559031723072883,0.13501269931397591,1000.0,0.4
1.0471573482405474,0.13496501213747755,1000.0,0.4
1.075493902579709,0.14743649530428332,1000.0,0.4
1.0496620677226098,0.14807035578243374,1000.0,0.4
1.04217488714408,0.1511643433734466,1000.0,0.4
1.0508539455732178,0.1308682050162965,1000.0,0.4
1.0276813688420332,0.13146300454535162,1000.0,0.4
1.0302709594655357,0.139251074694638,1000.0,0.4
1.054772109539996,0.14653343438040256,1000.0,0.4
1.0497256360122933,0.14041164759582256,1000.0,0.4
1.03331536905802,0.15957236131792746,1000.0,0.4
1.063184855696331,0.1342879720377742,1000.0,0.4
1.0430265182776213,0.1554162907643476,1000.0,0.4
1.0426847363571143,0.13004919488892372,1000.0,0.4
1.0334550704591894,0.14078121569313418,1000.0,0.4
1.0297770895977059,0.13588165302570415,1000.0,0.4
1.049639291294343,0.12519543316808546,1000.0,0.4
1.0439743785546267,0.147084537899665,1000.0,0.4
1.0351912745755458,0.13972601416927763,1000.0,0.4
1.0720391374079619,0.1442358462544849,1000.0,0.4
1.066335251235673,0.1533820702384481,1000.0,0.4
1.0528824859615904,0.1521468976210095,1000.0,0.4
1.049020110697713,0.13389093695185889,1000.0,0.4
1.0363369085325127,0.12453979881811872,1000.0,0.4
1.0625467700342062,0.13123487652993482,1000.0,0.4
1.0570263933074326,0.13909668782593787,1000.0,0.4
1.0433523741031332,0.13706073804513585,1000.0,0.4
1.0521486534178315,0.13887210829855992,1000.0,0.4
1.0547070435099213,0.1338642192976717,1000.0,0.4
1.0371102024866266,0.13577779618824365,1000.0,0.4
1.0432791577811376,0.1504674928967487,1000.0,0.4
1.0399930499018877,0.13315456681295487,1000.0,0.4
1.0379322382268843,0.14889372694794156,1000.0,0.4
1.0355299710021602,0.14895668831346737,1000.0,0.4
1.042502195774538,0.1449817285129489,1000.0,0.4
1.0437664120946208,0.1434118662684688,1000.0,0.4
1.0196729666364348,0.13816677906905847,1000.0,0.4
1.0339861462368836,0.14061110903770319,1000.0,0.4
1.0509374826722813,0.14700031271105402,1000.0,0.4
1.058108420671761,0.13909370262565024,1000.0,0.4
1.060478688533899,0.1429407278208571,1000.0,0.4
1.0464985003268028,0.13557910991364108,1000.0,0.4
1.038621950517044,0.15065675530786532,1000.0,0.4
1.037667474489789,0.15188832825699858,1000.0,0.4
1.0774399178412304,0.12983062739152845,1000.0,0.4
1.0559562392765107,0.15191401376382677,1000.0,0.4
1.0275322536646765,0.1451218060199074,1000.0,0.4
1.049632417288324,0.15202638008726543,1000.0,0.4
1.0521143915730564,0.13165315918125742,1000.0,0.4
1.0627892000878285,0.14156411346449393,1000.0,0.4
1.045574853431756,0.13440793731688908,1000.0,0.4
1.0314645178602313,0.1372306084261575,1000.0,0.4
1.05717061350827,0.14173338838979868,1000.0,0.4
1.0622504269149673,0.1311636735606737,1000.0,0.4
1.0615925590278985,0.13118880154628806,1000.0,0.4
1.0641136611176254,0.13732601661510557,1000.0,0.4
1.052164429659936,0.14351763947371543,1000.0,0.4
1.0649166654598947,0.14494263585956005,1000.0,0.4
1.029691427518848,0.1451388074312488,1000.0,0.4
1.0353989509202313,0.14343651670952678,1000.0,0.4
1.0464342743510018,0.138134390991612,1000.0,0.4
1.0477558582728523,0.1408484073623851,1000.0,0.4
1.036242230150784,0.13981599687906038,1000.0,0.4
1.0403251989368898,0.13190701406490585,1000.0,0.4
1.053103451834169,0.14445156181228797,1000.0,0.4
1.0599930316104589,0.13193557546210485,1000.0,0.4
1.0405266397155015,0.12859869738295293,1000.0,0.4
1.0493059441621666,0.1496162369165594,1000.0,0.4
1.0266807228232029,0.14716900841607217,1000.0,0.4
1.038992804105292,0.1347727181015932,1000.0,0.4
1.0562805599060914,0.1457820758131835,1000.0,0.4
1.0607072160315487,0.13675821229849866,1000.0,0.4
1.0516862513919345,0.14693488339460065,1000.0,0.4
1.0383239368506592,0.12712550755414967,1000.0,0.4
1.0310015465750095,0.14591573118298634,1000.0,0.4
1.044301826340167,0.14428566830769257,1000.0,0.4
1.0491480843956948,0.13396471210422067,1000.0,0.4
1.073370159319637,0.13098972059585423,1000.0,0.4
1.0525445882326818,0.12610567807852976,1000.0,0.4
1.0554739284893744,0.1407154145790385,1000.0,0.4
1.0622486425289208,0.14552016106693058,1000.0,0.4
1.0424413975719025,0.13789752514487347,1000.0,0.4
1.076612503301698,0.14303508528239953,1000.0,0.4
1.0361450674071946,0.14479282111521685,1000.0,0.4
1.0397599187207651,0.14872444408388896,1000.0,0.4
1.0331339269372024,0.1406573917043644,1000.0,0.4
1.0632394786243498,0.15533923445369946,1000.0,0.4
1.045859402122448,0.12833040041082205,1000.0,0.4
1.0219841899980646,0.12889116826950342,1000.0,0.4
1.0560931242083433,0.13399806707997589,1000.0,0.4
1.0610342575907248,0.12883812070744513,1000.0,0.4
1.0832062179869617,0.15848613706757422,1000.0,0.4
1.0460108740002119,0.13949096002976044,1000.0,0.4
1.0663364808124054,0.12697036061456946,1000.0,0.4
1.051838075919653,0.13874025855950567,1000.0,0.4
1.0615769148692569,0.15401149353770097,1000.0,0.4
1.0605284498425716,0.13450500490312953,1000.0,0.4
1.060781747299898,0.13695111930518988,1000.0,0.4
1.081478316858603,0.13936029410377507,1000.0,0.4
1.0631257018572562,0.14927734932224992,1000.0,0.4
1.0417938034677567,0.1458899927779437,1000.0,0.4
1.0434390170108707,0.14439948197993432,1000.0,0.4
1.0677564124324679,0.14153559470097574,1000.0,0.4
1.0495331464405337,0.16152201394832552,1000.0,0.4
1.0163632287668531,0.15217776152009238,1000.0,0.4
1.0610828728084707,0.15691929129271145,1000.0,0.4
1.0372153033025062,0.13076476104270277,1000.0,0.4
1.0499530502373424,0.14276897099379812,1000.0,0.4
1.062257087539108,0.13347621069506885,1000.0,0.4
1.0592780602062115,0.1479811189214562,1000.0,0.4
1.030247142295339,0.13265051104175815,1000.0,0.4
1.054995232008505,0.13737166514318322,1000.0,0.4
1.0549284231380474,0.13664498267512803,1000.0,0.4
1.0491648975534962,0.14443008192667184,1000.0,0.4
1.0335120129209419,0.1455781196286077,1000.0,0.4
1.037881811290643,0.13622635252037585,1000.0,0.4
1.043055254834239,0.13061437170582624,1000.0,0.4
1.0620730670352914,0.1301724434019521,1000.0,0.4
1.0559389519329527,0.13712621094692726,1000.0,0.4
1.0666178631542071,0.14196927792964303,1000.0,0.4
1.0570660395174716,0.1420556132746818,1000.0,0.4
1.0356871980394908,0.1364795961665176,1000.0,0.4
1.046447205397479,0.14384560898348783,1000.0,0.4
1.0275232240540404,0.14460190818484697,1000.0,0.4
1.0486645471641294,0.14949401309018473,1000.0,0.4
1.0161631740114974,0.14354903130802962,1000.0,0.4
1.0449557409138053,0.13746084834808972,1000.0,0.4
1.0481472226533968,0.1389737531579343,1000.0,0.4
1.0595899981352928,0.14355526725736084,1000.0,0.4
1.0402535155908854,0.1444991715644671,1000.0,0.4
1.0568044478166503,0.12984546662580101,1000.0,0.4
1.0615682403407123,0.13677305616153848,1000.0,0.4
1.0255666239058951,0.12850592451254833,1000.0,0.4
1.0290338206156344,0.13194335848689737,1000.0,0.4
1.0439428921403464,0.1283834795345739,1000.0,0.4
1.0525887850062776,0.14221570300334457,1000.0,0.4
1.0486919759606042,0.14581265342780886,1000.0,0.4
1.0498186031789678,0.1372720674444964,1000.0,0.4
1.025796433899921,0.14096953450023442,1000.0,0.4
1.0395573376054799,0.13759021354696385,1000.0,0.4
1.0531981681104339,0.1481921572644045,1000.0,0.4
1.0463420232287735,0.1553507057910164,1000.0,0.4
1.0461069741071372,0.14088908335426834,1000.0,0.4
1.072119102658338,0.14715388224437095,1000.0,0.4
1.0692357332050022,0.1347929372571786,1000.0,0.4
1.0177819741365537,0.1532768499594326,1000.0,0.4
1.0322885426701178,0.15313155043202673,1000.0,0.4
1.0528179865395764,0.14755323481044727,1000.0,0.4
1.0412690857844442,0.15273753216073968,1000.0,0.4
1.051850862450871,0.1323709717732021,1000.0,0.4
1.0468397825943967,0.14092913019395686,1000.0,0.4
1.0732142200857597,0.14736131535964878,1000.0,0.4
1.0608461954425301,0.148433577261956,1000.0,0.4
1.0492895286421098,0.14578381311285774,1000.0,0.4
1.062151924594895,0.14302006639171627,1000.0,0.4
1.054516578128628,0.15478482437105756,1000.0,0.4
1.0415531988210243,0.1408852872080787,1000.0,0.4
1.047858115164076,0.13873753522892676,1000.0,0.4
1.0706903678986606,0.13977229151397608,1000.0,0.4
1.06327249863983,0.13794657766879237,1000.0,0.4
1.0386238285899692,0.14315590949363255,1000.0,0.4
1.0491282112421245,0.1463077143284806,1000.0,0.4
1.043451183721299,0.1345559104024813,1000.0,0.4
1.0401543753191764,0.1365064442158111,1000.0,0.4
1.0485474138789432,0.1439351364067838,1000.0,0.4
1.0580534408353164,0.1354905190568774,1000.0,0.4
1.0255279830554165,0.145792611900095,1000.0,0.4
1.0706177928842147,0.14947054927137501,1000.0,0.4
1.0649084044158708,0.13870775558670706,1000.0,0.4
1.0423060956530124,0.14119559937466922,1000.0,0.4
1.0371335230641066,0.14215788850482802,1000.0,0.4
1.058150237578619,0.14378840937723109,1000.0,0.4
1.060902235410941,0.13627718323790658,1000.0,0.4
1.0442275343582454,0.13679390935348756,1000.0,0.4
1.0460692611773292,0.1452520453491375,1000.0,0.4
1.050685391212385,0.144104534752975,1000.0,0.4
1.075805959770764,0.13824955188378232,1000.0,0.4
1.0404966380802227,0.14929758874021157,1000.0,0.4
1.0502508883136616,0.14532029768058743,1000.0,0.4
1.0325246420643575,0.1541041943859273,1000.0,0.4
1.0534840006088075,0.15815921525861126,1000.0,0.4
1.0458198128539324,0.14940315927010947,1000.0,0.4
1.0701714561889277,0.1328971166511727,1000.0,0.4
1.0704977864171477,0.14861967717763505,1000.0,0.4
1.0742298068944294,0.13974854538149753,1000.0,0.4
1.0434085481175701,0.14173027798405743,1000.0,0.4
1.0462508776027457,0.13537673435723763,1000.0,0.4
1.0381941516960667,0.1366038997034838,1000.0,0.4
1.0919648177856633,0.13203318410901238,1000.0,0.4
1.0513392168343385,0.14224347642794183,1000.0,0.4
1.0396384357427753,0.1404385104807746,1000.0,0.4
1.0552506517512252,0.14302957468449928,1000.0,0.4
1.0448062199202124,0.1423639071439926,1000.0,0.4
1.0486609718917106,0.14398535293747608,1000.0,0.4
1.028204293165619,0.13677526551471364,1000.0,0.4
1.0589375881883623,0.126532361208538,1000.0,0.4
1.0274982510910498,0.14291266447843423,1000.0,0.4
1.040158030849223,0.1402591781491142,1000.0,0.4
1.0216405956353503,0.13477744484551624,1000.0,0.4
1.0530268204890385,0.14106836582333057,1000.0,0.4
1.0263268670680783,0.14196151930983517,1000.0,0.4
1.0705781054113594,0.13865397367821058,1000.0,0.4
1.0722710470233818,0.1340310224084836,1000.0,0.4
1.0358642633413961,0.1538523553246979,1000.0,0.4
1.0312210647546871,0.14193913117985354,1000.0,0.4
1.04320566591779,0.13839859987021882,1000.0,0.4
1.0525040365257279,0.14434807717595352,1000.0,0.4
1.0639550031499836,0.14456222492218673,1000.0,0.4
1.038618958636787,0.14347869614700362,1000.0,0.4
1.096263392884567,0.13538390376910314,1000.0,0.4
1.0767137150215045,0.14774293006319295,1000.0,0.4
1.0384057425454065,0.14701013580059266,1000.0,0.4
1.0633266585859518,0.13773445060739734,1000.0,0.4
1.0234820708009222,0.15088113256262414,1000.0,0.4
1.0461442039016762,0.14341506597893244,1000.0,0.4
1.028488292412103,0.14711546403199,1000.0,0.4
1.0364199882084735,0.13075519078986253,1000.0,0.4
1.0484819453194196,0.14268766869271443,1000.0,0.4
1.0712159871396199,0.12855908391951884,1000.0,0.4
1.040893627282135,0.14869026821012002,1000.0,0.4
1.0506535739935945,0.14293930759444506,1000.0,0.4
1.05902818089375,0.13954055122676468,1000.0,0.4
1.0529161477185356,0.14637357818055569,1000.0,0.4
1.0479412227699547,0.14237981412710404,1000.0,0.4
1.0998974205225556,0.12654503958189772,1000.0,0.4
1.0518076956805584,0.1490371431031723,1000.0,0.4
1.0615424070706079,0.135921771644956,1000.0,0.4
1.0436293951452633,0.1418568875975248,1000.0,0.4
1.0359623895206123,0.14783960501866789,1000.0,0.4
1.0520401745222596,0.1588409428663593,1000.0,0.4
1.0724668586022352,0.14823357061937745,1000.0,0.4
1.0497909521293325,0.1604591747496382,1000.0,0.4
1.0448787260193928,0.13977114076046232,1000.0,0.4
1.0663193450828559,0.14726567124772255,1000.0,0.4
1.0394980680801287,0.15043185491632471,1000.0,0.4
1.0531955335503398,0.145674364101976,1000.0,0.4
1.0706252436062669,0.13797553418541386,1000.0,0.4
1.0492185414078512,0.14577406206146357,1000.0,0.4
1.0851508429049554,0.147320860859245,1000.0,0.4
1.048793190211231,0.12660570356940978,1000.0,0.4
1.0484006355962163,0.1412795988442986,1000.0,0.4
1.0459744163511853,0.13437638545334424,1000.0,0.4
1.0301243856070361,0.14502146490454382,1000.0,0.4
1.0717837216673887,0.15413032139567107,1000.0,0.4
1.0481591256626404,0.14345640895729858,1000.0,0.4
1.0746729887537316,0.1415309124172907,1000.0,0.4
1.0482483729893797,0.14679102840404656,1000.0,0.4
1.0350186946246196,0.13997701675515395,1000.0,0.4
1.0493544374887698,0.13538227602184524,1000.0,0.4
1.0387657588540185,0.14414504763891303,1000.0,0.4
1.0322255946353514,0.15358863135025036,1000.0,0.4
1.068144162612955,0.13961123066006112,1000.0,0.4
1.0606090965212545,0.14367552255365817,1000.0,0.4
1.0648979069513425,0.1334091513159558,1000.0,0.4
1.0590922558372275,0.1493944104520372,1000.0,0.4
1.0282695513941456,0.15382295220986253,1000.0,0.4
1.04209998571701,0.1642886106652864,1000.0,0.4
1.0616944460714737,0.13787855167098875,1000.0,0.4
1.0401149690391724,0.1484191700855311,1000.0,0.4
1.0451202294725552,0.1281956902093009,1000.0,0.4
1.0796220306123399,0.14901948344536073,1000.0,0.4
1.0500290077463224,0.1417530821105829,1000.0,0.4
1.0784795955279018,0.14268579395111872,1000.0,0.4
1.0718476440159705,0.14016661978375228,1000.0,0.4
1.054597734611335,0.14907776063643588,1000.0,0.4
1.0290662984129226,0.14287180775831348,1000.0,0.4
1.043921441755639,0.12891915788061795,1000.0,0.4
1.0532776377873574,0.12758760275356243,1000.0,0.4
1.0501433140444592,0.14534240889429614,1000.0,0.4
1.0498242177871422,0.14369903509937196,1000.0,0.4
1.0435771868116233,0.12717589637711593,1000.0,0.4
1.0394490035460842,0.1436513359218389,1000.0,0.4
1.0667102808902973,0.12982551434404582,1000.0,0.4
1.0514253234470678,0.1365105806217736,1000.0,0.4
1.0523245744782364,0.14487277326148146,1000.0,0.4
1.054750375560816,0.14915791000702153,1000.0,0.4
1.0328488378293315,0.13539590778723948,1000.0,0.4
1.028789102603982,0.141080929776798,1000.0,0.4
1.043619308896782,0.14839179827046858,1000.0,0.4
1.0510545748639373,0.14505018064078884,1000.0,0.4
1.0142358654600083,0.15145574881645865,1000.0,0.4
1.0677381173742946,0.13449817989693383,1000.0,0.4
1.0338992076497941,0.13948146825623806,1000.0,0.4
1.073148268509082,0.14521708488002896,1000.0,0.4
1.0415062442254908,0.14262194545246862,1000.0,0.4
1.0636642956609952,0.14071410690894784,1000.0,0.4
1.0769866233181487,0.15282828727985917,1000.0,0.4
1.0399731229017797,0.1448061151363948,1000.0,0.4
1.0555297064798348,0.140416433287861,1000.0,0.4
1.03391143392811,0.14470525269212983,1000.0,0.4
1.078526272872989,0.132043163013173,1000.0,0.4
1.029725740344407,0.14188676096039374,1000.0,0.4
1.0165377723591917,0.1500686454226695,1000.0,0.4
1.0571829999139515,0.1308530296507882,1000.0,0.4
1.0239351093833733,0.1412051787281506,1000.0,0.4
1.021805881420197,0.14609673558049427,1000.0,0.4
1.0774784212243826,0.15124168570559549,1000.0,0.4
1.0531418264275691,0.1307337238555272,1000.0,0.4
1.083365247220724,0.1369299924778831,1000.0,0.4
1.0766726684646162,0.13364196404162615,1000.0,0.4
1.0505256109563597,0.1354192717442154,1000.0,0.4
1.0687205874959886,0.13253327395501643,1000.0,0.4
1.0481637546779392,0.1447150654475366,1000.0,0.4
1.050677991156783,0.14841597819633628,1000.0,0.4
1.0486703248926794,0.1451431735003061,1000.0,0.4
1.0534724282533314,0.13541161222605252,1000.0,0.4
1.0333493335149038,0.14402523666905728,1000.0,0.4
1.0536186771380747,0.12911908510106418,1000.0,0.4
1.0268428087101225,0.14349275571376346,1000.0,0.4
1.0434603626174128,0.14300983026266761,1000.0,0.4
1.0586844899431673,0.14608905496920624,1000.0,0.4
1.0545212939791726,0.13347675747195353,1000.0,0.4
1.0399872906287542,0.14310518355330065,1000.0,0.4
1.087048930445339,0.12502139536344722,1000.0,0.4
1.0502909406806693,0.1545614547330007,1000.0,0.4
1.0571308540445115,0.14077780050587665,1000.0,0.4
1.0647829242667515,0.12799799860317343,1000.0,0.4
1.0452460251346527,0.14678349467302357,1000.0,0.4
1.0259680242812634,0.14407997065768052,1000.0,0.4
1.0267830237041942,0.13558896777359467,1000.0,0.4
1.05099354779611,0.1226126307752307,1000.0,0.4
1.0611686289681264,0.13698564878392286,1000.0,0.4
1.0811201804168595,0.1517501162626066,1000.0,0.4
1.079460839887806,0.1380190165945848,1000.0,0.4
1.0797739274706661,0.14244572960996205,1000.0,0.4
1.0509533768394101,0.1429188011837642,1000.0,0.4
1.057231066034446,0.14685907425957193,1000.0,0.4
1.0580272679371348,0.13837237046426432,1000.0,0.4
1.0309698448823308,0.14565316446322418,1000.0,0.4
1.0621857728286952,0.1666452161188517,1000.0,0.4
1.037289095825721,0.1516435864798108,1000.0,0.4
1.0561005720981762,0.14487810348186528,1000.0,0.4
1.0673972952043467,0.14227667927852725,1000.0,0.4
1.0400402112108869,0.13637382899283088,1000.0,0.4
1.0454030853610625,0.1233272068177361,1000.0,0.4
1.026662420116805,0.14024122110362383,1000.0,0.4
1.054658492941836,0.14430523369872297,1000.0,0.4
1.0384284666448256,0.13554499277552146,1000.0,0.4
1.0678062067129492,0.1273681565033,1000.0,0.4
1.0599982161790689,0.13441480024293015,1000.0,0.4
1.0396889772286901,0.1472001716200424,1000.0,0.4
1.0506658477177622,0.1435524102820456,1000.0,0.4
1.0309788194485807,0.14278815650218596,1000.0,0.4
1.0448542111201498,0.13983796412923374,1000.0,0.4
1.0433620498888179,0.1427762587269074,1000.0,0.4
1.0515537724059758,0.14101541780145818,1000.0,0.4
1.0421756276160958,0.14027106058535524,1000.0,0.4
1.044383885471036,0.13226886205361582,1000.0,0.4
1.0387363711451523,0.14914177076868382,1000.0,0.4
1.0646635107219045,0.14353362391362348,1000.0,0.4
1.0538132046314845,0.15418576301983997,1000.0,0.4
1.0643878440977443,0.1351112663546575,1000.0,0.4
1.058591426531827,0.1568849460487712,1000.0,0.4
1.0548031675093654,0.1332692633169251,1000.0,0.4
1.0250319715191998,0.12495604062046585,1000.0,0.4
1.0545830716475382,0.14050225764885124,1000.0,0.4
1.0490637769268634,0.14256028883032995,1000.0,0.4
1.0647291594731771,0.1385861932994511,1000.0,0.4
1.0489680967313106,0.14867444663026924,1000.0,0.4
1.0235769927015235,0.14519843920490627,1000.0,0.4
1.0539093164739113,0.13315510999977176,1000.0,0.4
1.054771430776904,0.14992230356252395,1000.0,0.4
1.0456738110015424,0.139708391153956,1000.0,0.4
1.0385967271773509,0.14860515811703104,1000.0,0.4
1.0480476701700498,0.1378916857314203,1000.0,0.4
1.0461925281966606,0.13982423275187567,1000.0,0.4
1.0418958361608566,0.14630169553817618,1000.0,0.4
1.0225837853219872,0.14402006491743174,1000.0,0.4
1.051867796358092,0.14442747299679876,1000.0,0.4
1.0587413281556377,0.1368895772292147,1000.0,0.4
1.065565377943641,0.1561500055112941,1000.0,0.4
1.047098942000976,0.15907554501714444,1000.0,0.4
1.0545082727995725,0.13767043483947508,1000.0,0.4
1.0728261013365368,0.1256011617177022,1000.0,0.4
1.0443162811263993,0.13913624923345747,1000.0,0.4
1.038516288158456,0.1436695782845676,1000.0,0.4
1.0625206058406167,0.14545304738111747,1000.0,0.4
1.0512780928252465,0.13940479551955676,1000.0,0.4
1.0508916562278654,0.14765272680042277,1000.0,0.4
1.0733513423291396,0.14149417191029792,1000.0,0.4
1.0786618126180079,0.14562447846007925,1000.0,0.4
1.0583748029776527,0.14193716881541696,1000.0,0.4
1.0441975333346996,0.13461543122207498,1000.0,0.4
1.0520977739309572,0.1448856079183834,1000.0,0.4
1.0428109841481628,0.13625667416782766,1000.0,0.4
1.0119357876418476,0.14759032128315572,1000.0,0.4
1.0310687078995595,0.1380070988621297,1000.0,0.4
1.0692059532196079,0.12328133411094684,1000.0,0.4
1.0524154208521115,0.13888332444235313,1000.0,0.4
1.050709335560816,0.14720492484532147,1000.0,0.4
1.057820805079206,0.1406565348035053,1000.0,0.4
1.0493089969622431,0.1480076954677398,1000.0,0.4
1.0584700785446435,0.13791209655201764,1000.0,0.4
1.0431854154667561,0.14325711861692308,1000.0,0.4
1.0966785810465787,0.13451565007984848,1000.0,0.4
1.0282707201607242,0.14564256231635805,1000.0,0.4
1.0642335319053464,0.13402329975051125,1000.0,0.4
1.0405239790163459,0.14354401398998518,1000.0,0.4
1.0640855898847412,0.14805662248400764,1000.0,0.4
1.0321997879489462,0.13763984898196915,1000.0,0.4
1.0798255825459062,0.1381420485637672,1000.0,0.4
1.0350636264211408,0.1347504270067831,1000.0,0.4
1.027763035657067,0.1338941513375936,1000.0,0.4
1.0443114859239797,0.13349425583713326,1000.0,0.4
1.0603890074867022,0.13038750060374224,1000.0,0.4
1.0392589365029719,0.14674694389316467,1000.0,0.4
1.0570590312382306,0.12793590017870546,1000.0,0.4
1.028541534939821,0.1462728042023063,1000.0,0.4
1.0554940332344551,0.14517100568652153,1000.0,0.4
1.0671768856498243,0.1394036317685424,1000.0,0.4
1.0284712574055062,0.16014564525166958,1000.0,0.4
1.0454413778623244,0.14902435623733518,1000.0,0.4
1.0318028736736844,0.1368170299012241,1000.0,0.4
1.0517852578833817,0.14223311747021403,1000.0,0.4
1.052093495047742,0.15969780211775975,1000.0,0.4
1.0471128431669234,0.12543560996907346,1000.0,0.4
1.0503139203701646,0.1424968583762155,1000.0,0.4
1.0376209439847444,0.14397939337817342,1000.0,0.4
1.0400203977378808,0.13679458330184052,1000.0,0.4
1.0574264139063863,0.14823928956109259,1000.0,0.4
1.0637205200518753,0.13061332778263776,1000.0,0.4
1.0391028415483825,0.14444869247219094,1000.0,0.4
1.0413461328492142,0.15510160946546775,1000.0,0.4
1.0548605531475246,0.14207625983292863,1000.0,0.4
1.0468912096808896,0.1416004361402654,1000.0,0.4
1.0387527639120182,0.1407338834487147,1000.0,0.4
1.040407530885375,0.133569483293018,1000.0,0.4
1.046742899395948,0.14232758240867896,1000.0,0.4
1.0396917483077697,0.1507106610994533,1000.0,0.4
1.0463128105505048,0.13823284411004744,1000.0,0.4
1.0626546970452055,0.1411509188744682,1000.0,0.4
1.0555386331594736,0.14459667379245106,1000.0,0.4
1.0669902286924673,0.14214907064659407,1000.0,0.4
1.0387502775216688,0.12597228756569168,1000.0,0.4
1.0433565630270103,0.1600231187521162,1000.0,0.4
1.0577505329974108,0.14256440629056488,1000.0,0.4
1.032396412461859,0.14034985582884274,1000.0,0.4
1.035824004428818,0.14487413395614837,1000.0,0.4
1.055919974431903,0.13479896062932434,1000.0,0.4
1.0625496678300346,0.13846661123302878,1000.0,0.4
1.0560455831638178,0.13912975312121087,1000.0,0.4
1.0486364931242982,0.14910846121502633,1000.0,0.4
1.07459016298384,0.14062333990480275,1000.0,0.4
1.0713466444857564,0.1440316594061699,1000.0,0.4
1.0767731806207452,0.1347354031381461,1000.0,0.4
1.0482183753420855,0.14026045498256742,1000.0,0.4
1.0563428316813905,0.14139605397727936,1000.0,0.4
1.0426100398773601,0.12536836240551552,1000.0,0.4
1.0353140643831413,0.1343664443917059,1000.0,0.4
1.0543647010421608,0.13392264120213093,1000.0,0.4
1.0320891030157882,0.14807298718972295,1000.0,0.4
1.050901242725186,0.13596885908659237,1000.0,0.4
1.050351542482554,0.1493253679370548,1000.0,0.4
1.0595597499984053,0.14592297204492494,1000.0,0.4
1.071941748025241,0.14018622543479112,1000.0,0.4
1.0233611852247968,0.15319922527785237,1000.0,0.4
1.0602406182174628,0.1304357545202608,1000.0,0.4
1.0398718743324855,0.14096152560189504,1000.0,0.4
1.053790349828105,0.12925581780234444,1000.0,0.4
1.0517956976364462,0.14335542321259506,1000.0,0.4
1.0357322712486718,0.13879466633274046,1000.0,0.4
1.0387197776244295,0.1350116101406885,1000.0,0.4
1.0365428775028647,0.14109176392147485,1000.0,0.4
1.0335173560682833,0.14102452786623101,1000.0,0.4
1.0536172356803641,0.14857946666470045,1000.0,0.4
1.0430255457080118,0.1347454270014364,1000.0,0.4
1.0313484706357647,0.1499010159639642,1000.0,0.4
1.0550857607485464,0.1508277380389005,1000.0,0.4
1.0434062237845683,0.14898366291715462,1000.0,0.4
1.0511622943494086,0.1612674255979274,1000.0,0.4
1.0368010827175869,0.13824786774723752,1000.0,0.4
1.0527225067057686,0.16596535904477516,1000.0,0.4
1.0510833337170598,0.14564417844398878,1000.0,0.4
1.0395190463554076,0.14008605540318317,1000.0,0.4
1.0493924295432264,0.15264337764707203,1000.0,0.4
1.0417315264182092,0.14976422271407236,1000.0,0.4
1.04328918143491,0.1357593428442898,1000.0,0.4
1.065349301407444,0.15788714794189587,1000.0,0.4
1.0616454421641677,0.14782622872296808,1000.0,0.4
1.0219908917073994,0.14679996464847483,1000.0,0.4
1.056528583613058,0.14928014939918155,1000.0,0.4
1.054543688985507,0.1298851931563977,1000.0,0.4
1.0503546672510837,0.14215706925421137,1000.0,0.4
1.0336324473106224,0.14866685392494425,1000.0,0.4
1.0836429297216421,0.13321213994685493,1000.0,0.4
1.0409728136644454,0.13620126521391282,1000.0,0.4
1.0785909095521198,0.12926088900558427,1000.0,0.4
1.0504433584294492,0.13862375733463497,1000.0,0.4
1.0303226568619084,0.13861305490447584,1000.0,0.4
1.0641316572911022,0.14226236412465817,1000.0,0.4
1.0634086124871238,0.13688212378836725,1000.0,0.4
1.0898108352099012,0.12914881922515586,1000.0,0.4
1.0929849404513963,0.14344880564139717,1000.0,0.4
1.0420379069128405,0.13304663522563975,1000.0,0.4
1.058252937905428,0.13678706620621706,1000.0,0.4
1.042269778049513,0.13657029835701678,1000.0,0.4
1.0472074310004325,0.14604418175092707,1000.0,0.4
1.0554764407380997,0.1405624399305874,1000.0,0.4
1.0520066936357935,0.12957476908337281,1000.0,0.4
1.0631753512460556,0.14526496745328665,1000.0,0.4
1.0595416117239689,0.14178970538751365,1000.0,0.4
1.0466050388777555,0.1383710275180936,1000.0,0.4
1.0360451820598335,0.13262402997849967,1000.0,0.4
1.0799065298645985,0.13680585824460495,1000.0,0.4
1.0687558870532776,0.13912389415639503,1000.0,0.4
1.032170554501918,0.14695928718544965,1000.0,0.4
1.0485924578518544,0.13432199517712967,1000.0,0.4
1.036762764837503,0.13260155855016537,1000.0,0.4
1.0730145899653585,0.12826974551799453,1000.0,0.4
1.0561944273767017,0.14504790926308894,1000.0,0.4
1.0403118825824886,0.15495949381364788,1000.0,0.4
1.0632698362491215,0.15533262777477735,1000.0,0.4
1.0538991108866367,0.14179812697870606,1000.0,0.4
1.054812363120621,0.14713352148636835,1000.0,0.4
1.0600695096204589,0.13707347099844047,1000.0,0.4
1.0402063242975992,0.15047510862621358,1000.0,0.4
1.0433581692611558,0.1455354247121526,1000.0,0.4
1.0702909884549794,0.13118502473052385,1000.0,0.4
1.0585845958569742,0.14079328908683703,1000.0,0.4
1.048942599839092,0.1314605288940594,1000.0,0.4
1.0508455270613206,0.1360326913490619,1000.0,0.4
1.0425315738046148,0.13113720205214252,1000.0,0.4
1.038554310661942,0.14152054229434827,1000.0,0.4
1.0542979403307149,0.13568458900059552,1000.0,0.4
1.052512059226115,0.14431670909387928,1000.0,0.4
1.0322111702704406,0.1444855877948633,1000.0,0.4
1.0784902756371184,0.13715702525130316,1000.0,0.4
1.0529986559586835,0.14660003113048287,1000.0,0.4
1.0443710032443858,0.14068499144945204,1000.0,0.4
1.0419068810159402,0.13371760434038943,1000.0,0.4
1.0620267171058715,0.1378400211012698,1000.0,0.4
1.02618415831042,0.14547677242391924,1000.0,0.4
1.0679521096394142,0.1341818241652451,1000.0,0.4
1.0592635008381979,0.14215300201937217,1000.0,0.4
1.0500808020045382,0.14929250586357906,1000.0,0.4
1.0452589388548807,0.15140116906197507,1000.0,0.4
1.0516976846978467,0.13417289256331053,1000.0,0.4
1.0477817523639728,0.13285074759764182,1000.0,0.4
1.0342822828107112,0.1404604699295775,1000.0,0.4
1.0507447269320631,0.15637583824829274,1000.0,0.4
1.0702353688309505,0.14009861867083678,1000.0,0.4
1.0336203214846238,0.13862875081281556,1000.0,0.4
1.0428777789141845,0.1418903763990358,1000.0,0.4
1.0282674100170475,0.16777326396186004,1000.0,0.4
1.0582873209146215,0.14081372837321174,1000.0,0.4
1.0276265055845881,0.13904596163856717,1000.0,0.4
1.074703543116842,0.1429869815878343,1000.0,0.4
1.053929088666494,0.1394384819304423,1000.0,0.4
1.0418559906986187,0.14363867057123542,1000.0,0.4
1.0581014509166278,0.14062585144922463,1000.0,0.4
1.0716238014067418,0.1397733610439984,1000.0,0.4
1.0701645776088171,0.13420967428487832,1000.0,0.4
1.0661497261840842,0.14472134708157547,1000.0,0.4
1.0482021084138977,0.15016920529454114,1000.0,0.4
1.0723030549371533,0.1235483272485089,1000.0,0.4
1.0456392146156235,0.13886508291299918,1000.0,0.4
1.0480115426366023,0.14143872876338562,1000.0,0.4
1.0462481687992204,0.14782149869334552,1000.0,0.4
1.031815362703064,0.14698716972624373,1000.0,0.4
1.0363101625897309,0.13547137146396415,1000.0,0.4
1.0495261212123774,0.14572271786691907,1000.0,0.4
1.059583719783589,0.1492159333502131,1000.0,0.4
1.0453973305543314,0.1491830559533502,1000.0,0.4
1.0613963466349352,0.14366165342415615,1000.0,0.4
1.0458118784083967,0.14325853547721834,1000.0,0.4
1.0592383730919712,0.14338978392082125,1000.0,0.4
1.0599762448006573,0.15501622807306825,1000.0,0.4
1.0385164681064212,0.13462220627150248,1000.0,0.4
1.0662609093766398,0.13303228224341537,1000.0,0.4
1.0400261011331886,0.14025089855855702,1000.0,0.4
1.0505634973176368,0.13783286579781362,1000.0,0.4
1.042958602431684,0.15630592996355197,1000.0,0.4
1.041050427938264,0.1463118789001369,1000.0,0.4
1.0496899412512497,0.13428096663969777,1000.0,0.4
1.0453622744871682,0.13946492837085533,1000.0,0.4
1.048531108352002,0.15279572530564353,1000.0,0.4
1.0234490650342858,0.1457866543766149,1000.0,0.4
1.0591044632284525,0.12727428598749788,1000.0,0.4
1.0493178367181824,0.1411500862227251,1000.0,0.4
1.0504493981085798,0.14600855608684493,1000.0,0.4
1.0463430240191018,0.1328866737833178,1000.0,0.4
1.0515860120451956,0.14394468899584506,1000.0,0.4
1.0479439236031367,0.14377180105039405,1000.0,0.4
1.0605170994591708,0.14390676582207798,1000.0,0.4
1.0750783477294352,0.14923933729740804,1000.0,0.4
1.0552884542285623,0.15023842988357458,1000.0,0.4
1.042292570962017,0.15372004956369992,1000.0,0.4
1.0468242520838382,0.15304324160637378,1000.0,0.4
1.044566810190396,0.140011001472321,1000.0,0.4
1.08090495366991,0.14473620321644115,1000.0,0.4
1.0563579253495372,0.1443462428004761,1000.0,0.4
1.0346759243143504,0.15508309328912376,1000.0,0.4
1.044169609292367,0.15554017721702204,1000.0,0.4
1.029729623296101,0.13912789283922292,1000.0,0.4
1.0509348425667018,0.14566773767808605,1000.0,0.4
1.0674379522836215,0.14042269728617204,1000.0,0.4
1.055897795351283,0.130197528246063,1000.0,0.4
1.0439612284225543,0.12799930466079829,1000.0,0.4
1.0485916861108782,0.14622357024488905,1000.0,0.4
1.037627811879862,0.14174215531289647,1000.0,0.4
1.0441058624354858,0.16042886144628657,1000.0,0.4
1.0515566906729363,0.14719885386589154,1000.0,0.4
1.0741856959149991,0.14786459682654127,1000.0,0.4
1.025380695764793,0.12542126102439147,1000.0,0.4
1.0797789626940943,0.13698794442800977,1000.0,0.4
1.0493966070253393,0.1458672280946039,1000.0,0.4
1.053458318822349,0.14360062724345132,1000.0,0.4
1.0486840138451357,0.1415867230360367,1000.0,0.4
1.0482473441100977,0.13280324199002408,1000.0,0.4
1.063827946343257,0.13781612366581614,1000.0,0.4
1.0353027739102465,0.15553259568614136,1000.0,0.4
1.0507063166175057,0.14633657170041214,1000.0,0.4
1.0402862368591497,0.14161262667374913,1000.0,0.4
1.0401448739940342,0.1393356127965216,1000.0,0.4
1.0616521948954887,0.1463092324072051,1000.0,0.4
1.084332602911248,0.13904366225675022,1000.0,0.4
1.034391513499828,0.14472840833605377,1000.0,0.4
1.066473764669536,0.14013518006793177,1000.0,0.4
1.0317556045069833,0.15397097168440235,1000.0,0.4
1.0648929392236564,0.15070877595404752,1000.0,0.4
1.0512896703953198,0.15342991793533597,1000.0,0.4
1.051178352571988,0.13251971585747685,1000.0,0.4
1.0576821129391905,0.14922809579706825,1000.0,0.4
1.0445091938481954,0.12288804344278083,1000.0,0.4
1.0710661044046221,0.13836989696127303,1000.0,0.4
1.0458091562888645,0.14705936287362004,1000.0,0.4
1.0210300011267581,0.13825239978553366,1000.0,0.4
1.0527353311876044,0.14142021873370691,1000.0,0.4
1.0380402038269751,0.15758333803784233,1000.0,0.4
1.0518488684775458,0.1456540944497931,1000.0,0.4
1.086312613025105,0.14844431352246945,1000.0,0.4
1.037897608668651,0.1546070674912585,1000.0,0.4
1.0631851669986885,0.13406985537727317,1000.0,0.4
1.0390314646820278,0.13399556352297604,1000.0,0.4
1.0834461185084387,0.13417001562264422,1000.0,0.4
1.0396806642289151,0.1325035585653233,1000.0,0.4
1.046796669854419,0.14280314084929885,1000.0,0.4
1.0693412070298154,0.1393687105517791,1000.0,0.4
1.0430029984091507,0.14577178715891717,1000.0,0.4
1.0340829581499649,0.1376553954333108,1000.0,0.4
1.0467494364029772,0.14599432585074915,1000.0,0.4
1.0548473973678132,0.14227130246394587,1000.0,0.4
1.0702308476010804,0.13566351721685294,1000.0,0.4
1.0332325083942155,0.12876551117385077,1000.0,0.4
1.0589889202351022,0.1459707252553682,1000.0,0.4
1.0556608233118758,0.14431840263384646,1000.0,0.4
1.0206033743098404,0.14561654199850876,1000.0,0.4
1.039853259917959,0.1446801306859094,1000.0,0.4
1.0460980538596316,0.14289915482010593,1000.0,0.4
1.0452150227087855,0.14797090745974298,1000.0,0.4
1.033502318188093,0.1454682967351449,1000.0,0.4
1.0807093201640345,0.1401804409756166,1000.0,0.4
1.0252738547645894,0.1376438060000395,1000.0,0.4
1.0113734979122206,0.14868327721245195,1000.0,0.4
1.012564031142326,0.1536254297773231,1000.0,0.4
1.0411530748167097,0.1362897481164756,1000.0,0.4
1.0577719435815718,0.13710821876485746,1000.0,0.4
1.0694171537497748,0.12634776619119886,1000.0,0.4
1.027640713062555,0.15731097565079835,1000.0,0.4
1.072966995280197,0.14680066486737528,1000.0,0.4
1.0733913355706997,0.13870523795278072,1000.0,0.4
1.079845418912567,0.1393687778129202,1000.0,0.4
1.0548601640439885,0.1385524159766086,1000.0,0.4
1.051207311389642,0.1391613745499718,1000.0,0.4
1.0672977467564018,0.15331567755510772,1000.0,0.4
1.0626265696258725,0.13392042684755492,1000.0,0.4
1.057878670142047,0.14707826053791814,1000.0,0.4
1.0634630607925712,0.142490530579681,1000.0,0.4
1.0598626566648146,0.13394901781342328,1000.0,0.4
1.044824514637315,0.1454736628132986,1000.0,0.4
1.036804446772437,0.14259474745514836,1000.0,0.4
1.044836490806428,0.12149517605440265,1000.0,0.4
1.05246188999285,0.13278540928691293,1000.0,0.4
1.029788877089406,0.15018225016316217,1000.0,0.4
1.0617512216277218,0.14055123675378167,1000.0,0.4
1.065533374386189,0.1491467384364146,1000.0,0.4
1.0567672963452268,0.13827803968145425,1000.0,0.4
1.027513771960479,0.13465000972249463,1000.0,0.4
1.0567696547705618,0.14234800952742901,1000.0,0.4
1.0250735866963239,0.14669261858691218,1000.0,0.4
1.0424201079651205,0.13756351306610756,1000.0,0.4
1.0174271004990376,0.13868284179101767,1000.0,0.4
1.0669127740074715,0.13229845157860048,1000.0,0.4
1.0531395366324359,0.14230794475100628,1000.0,0.4
1.0533028560502213,0.1416787182381684,1000.0,0.4
1.0477422946380084,0.13935331612895885,1000.0,0.4
1.081859664506022,0.12809280897459144,1000.0,0.4
1.059048750683952,0.13049895736433925,1000.0,0.4
1.0199241400187478,0.127816298033089,1000.0,0.4
1.0478431764135896,0.13896125516415225,1000.0,0.4
1.0370379394715206,0.1329091622675976,1000.0,0.4
1.044954828899781,0.14194193912849665,1000.0,0.4
1.0448833652269645,0.1450373519100208,1000.0,0.4
1.0285464557334432,0.1369027451898746,1000.0,0.4
1.0666352019704621,0.13702256560275153,1000.0,0.4
1.058000002741675,0.14440111883178666,1000.0,0.4
1.026638098084385,0.13537341522410518,1000.0,0.4
1.0553357384938808,0.13036193874329094,1000.0,0.4
1.052515067015142,0.14608072966097801,1000.0,0.4
1.052125453841822,0.12906713518953405,1000.0,0.4
1.053627454063136,0.14270163665374133,1000.0,0.4
1.0377442898289428,0.14673642713822477,1000.0,0.4
1.0399805531814033,0.14091298128350987,1000.0,0.4
1.0557463247122616,0.1305729064304824,1000.0,0.4
1.0362425285201913,0.13770844426026246,1000.0,0.4
1.0489105766215312,0.1385214231653677,1000.0,0.4
1.0549553451470344,0.148179719686872,1000.0,0.4
1.0454676711120077,0.1396651015667956,1000.0,0.4
1.0554336452230686,0.13622163206025034,1000.0,0.4
1.0431577087371784,0.15860607635446666,1000.0,0.4
1.0626342705324097,0.1472569944198345,1000.0,0.4
1.0575073631503789,0.14219139868478983,1000.0,0.4
1.063650536193233,0.13652200609695647,1000.0,0.4
1.0560837299397294,0.14482722676762952,1000.0,0.4
1.0258400933717557,0.14852063655795733,1000.0,0.4
1.0475605197970759,0.1405131446982559,1000.0,0.4
1.0284837315001352,0.14034372922553368,1000.0,0.4
1.035644119590291,0.13872260706652167,1000.0,0.4
1.0335331798472709,0.1528342148505001,1000.0,0.4
1.0374275621245108,0.13184875592185452,1000.0,0.4
1.0460447890469469,0.140837319823258,1000.0,0.4
1.0598405759179954,0.14528397204773058,1000.0,0.4
1.0643317255702165,0.13768128457311507,1000.0,0.4
1.030194649648438,0.16164866286093654,1000.0,0.4
1.0497657745585696,0.13964879783472628,1000.0,0.4
1.0433004230451208,0.1578020286889754,1000.0,0.4
1.0384811498927407,0.1382830919845841,1000.0,0.4
1.0330142849516422,0.1386667050440379,1000.0,0.4
1.0342539614391097,0.15112169735298248,1000.0,0.4
1.050268528959438,0.1332032021051095,1000.0,0.4
1.0414155880691234,0.13379590179979117,1000.0,0.4
1.0402923403512878,0.14231940905103704,1000.0,0.4
1.0248765855799213,0.14643519438903604,1000.0,0.4
1.0503260871514108,0.15579933318424186,1000.0,0.4
1.0433254321412173,0.15675774993430305,1000.0,0.4
1.0410679067523911,0.14971560085579333,1000.0,0.4
1.0321056972973608,0.14739116277225559,1000.0,0.4
1.0156719239974374,0.15600587114092884,1000.0,0.4
1.042423512206049,0.134071612768466,1000.0,0.4
1.055365713854382,0.15732769799138185,1000.0,0.4
1.0674121355276878,0.13622755440400133,1000.0,0.4
1.0526539717871384,0.14085286811498274,1000.0,0.4
1.0454180735566232,0.14289509485251456,1000.0,0.4
1.0468039314480009,0.15399177064379235,1000.0,0.4
1.0433832491948034,0.13465101400784069,1000.0,0.4
1.043745410605139,0.1461341620619328,1000.0,0.4
1.0665096675555419,0.14587256286915404,1000.0,0.4
1.0449666337044001,0.14820233020414786,1000.0,0.4
1.0734403276428723,0.1287299079196921,1000.0,0.4
1.0504713283460487,0.1455168015219431,1000.0,0.4
1.0504803001219842,0.1529364423661009,1000.0,0.4
1.0487695138658397,0.12291056914059263,1000.0,0.4
1.0723245428492936,0.14641494056203777,1000.0,0.4
1.0265867286762413,0.1409600394294679,1000.0,0.4
1.0238221338812812,0.15245636614228777,1000.0,0.4
1.0452259431603539,0.13374645972543173,1000.0,0.4
1.0468679553504203,0.14837052261368275,1000.0,0.4
1.0452923238416643,0.13104691959457213,1000.0,0.4
1.0475536390113684,0.14328201528021248,1000.0,0.4
1.064421997920987,0.1415874020611388,1000.0,0.4
1.0452083377048564,0.1377891180942847,1000.0,0.4
1.0720636724106603,0.13687733618692108,1000.0,0.4
1.066005696386281,0.11985615707181636,1000.0,0.4
1.0660403466053159,0.158800448195627,1000.0,0.4
1.0456117192336372,0.14405200437383853,1000.0,0.4
1.0618008834360015,0.14495344546501715,1000.0,0.4
1.0465703289962907,0.14367270476908087,1000.0,0.4
1.032098689750194,0.14416651297470645,1000.0,0.4
1.0643195970941344,0.14140770663383276,1000.0,0.4
1.0439391827323803,0.14218836297574788,1000.0,0.4
1.0429216906729548,0.15150666742489133,1000.0,0.4
1.0493940670273894,0.13784102630230105,1000.0,0.4
1.0474628395753651,0.14245192893476566,1000.0,0.4
1.0449221630391692,0.14284623991960985,1000.0,0.4
1.0406743325103562,0.1357974153534044,1000.0,0.4
1.036035839516703,0.14357725328822116,1000.0,0.4
1.0408329661327518,0.15190948416238584,1000.0,0.4
1.0544259008052468,0.13089060658644042,1000.0,0.4
1.030865938614528,0.14157113749044845,1000.0,0.4
1.045458294599354,0.1411954060608763,1000.0,0.4
1.0640637967516469,0.14350065956290295,1000.0,0.4
1.0626061173442878,0.13878869723566276,1000.0,0.4
1.0614949707488526,0.13485387212982541,1000.0,0.4
1.0259130275206847,0.14095065840280824,1000.0,0.4
1.0449202656380032,0.14035534634235244,1000.0,0.4
1.058293975988079,0.1400951626964305,1000.0,0.4
1.0685391378803273,0.13190562067188172,1000.0,0.4
1.0615007707928124,0.14357978368193586,1000.0,0.4
1.068519872175971,0.13302068592579028,1000.0,0.4
1.0250201281645726,0.1364070739345929,1000.0,0.4
1.0444325589813985,0.13953658396134797,1000.0,0.4
1.0418196780202615,0.13845240983044002,1000.0,0.4
1.0739558832175125,0.13633988074510126,1000.0,0.4
1.0386104962645524,0.14313742761615192,1000.0,0.4
1.0230512355158081,0.12583221149571852,1000.0,0.4
1.0485442356513957,0.13548357940342415,1000.0,0.4
1.041290007211729,0.13523280007923422,1000.0,0.4
1.0858967901300465,0.11766931792559705,1000.0,0.4
1.0866597716444149,0.14497855173008872,1000.0,0.4
1.0919254821684528,0.12998633750988484,1000.0,0.4
1.0484577108438962,0.12744165030116483,1000.0,0.4
1.0243607166142823,0.13899893583834036,1000.0,0.4
1.0405893847735108,0.14121282087678397,1000.0,0.4
1.0827254729597482,0.16801585811387287,1000.0,0.4
1.0703354456821463,0.1383040052354242,1000.0,0.4
1.062724661889337,0.13951866469860083,1000.0,0.4
1.0607058530799656,0.1482356827129845,1000.0,0.4
1.0390554153445233,0.14241747837805616,1000.0,0.4
1.0561527945962401,0.14876882731980096,1000.0,0.4
1.0573275517623788,0.1558213219620118,1000.0,0.4
1.0580975658773222,0.1331767168876717,1000.0,0.4
1.0499371058967457,0.14868185935020314,1000.0,0.4
1.058031589530823,0.132423417323208,1000.0,0.4
1.0447959288811575,0.14359295325964389,1000.0,0.4
1.040815099940032,0.13829637659978836,1000.0,0.4
1.0538493607190722,0.15146562918380133,1000.0,0.4
1.0308381930604433,0.1337916703683033,1000.0,0.4
1.047948917720208,0.1451971271614866,1000.0,0.4
1.0642931186274478,0.12803402197733618,1000.0,0.4
1.0641165115348545,0.1407067189694198,1000.0,0.4
1.0439869612882517,0.14466379453645895,1000.0,0.4
1.0649896193702066,0.14529939453813975,1000.0,0.4
1.0565187253227808,0.13717864445565123,1000.0,0.4
1.0285178713973342,0.1419384943952372,1000.0,0.4
1.0414520904173763,0.13754327642392172,1000.0,0.4
1.0403888417569733,0.1457536296447922,1000.0,0.4
1.0305861258240236,0.1445063464461659,1000.0,0.4
1.0480291624321723,0.14881594696786277,1000.0,0.4
1.0569746401035767,0.12695400315766636,1000.0,0.4
1.0821818781696926,0.13498341910475134,1000.0,0.4
1.0403941589047507,0.14509495410252196,1000.0,0.4
1.057070250740531,0.14854289454643985,1000.0,0.4
1.070211344235763,0.1424109623404281,1000.0,0.4
1.0446617273982457,0.14157510000035536,1000.0,0.4
1.0414846099370005,0.13125598163224744,1000.0,0.4
1.0400191460481765,0.14009124995027342,1000.0,0.4
1.0421190858072444,0.14427521104027585,1000.0,0.4
1.046686028041717,0.1366237866907759,1000.0,0.4
1.0435252144034706,0.1450111460876797,1000.0,0.4
1.0493967342681176,0.14919418162043213,1000.0,0.4
1.0565299275977287,0.15964205821349728,1000.0,0.4
1.037548911419823,0.14947324236597545,1000.0,0.4
1.081739189095843,0.12031003501106521,1000.0,0.4
1.0595967930788501,0.13027517244571876,1000.0,0.4
1.0648820832559076,0.14064213081347235,1000.0,0.4
1.0495323162258396,0.12660105955081755,1000.0,0.4
1.0661031539368893,0.1429828955120446,1000.0,0.4
1.05513574143149,0.12883305107802878,1000.0,0.4
1.0383296278149556,0.15457962760542482,1000.0,0.4
1.0801708733803232,0.13385663126062092,1000.0,0.4
1.0245593066393712,0.136778354168506,1000.0,0.4
1.0501300471317208,0.15031238679257172,1000.0,0.4
1.0526076332628411,0.13605631192368614,1000.0,0.4
1.0429051194511123,0.12850388038132476,1000.0,0.4
1.0630196129843184,0.1403569037852668,1000.0,0.4
1.0408777290787867,0.14766591077355107,1000.0,0.4
1.064823580325883,0.13996519594632778,1000.0,0.4
1.0493089171453491,0.14322485023105042,1000.0,0.4
1.0563070803475034,0.13917770354986583,1000.0,0.4
1.0304048844369837,0.14073725964458836,1000.0,0.4
1.0466581613968167,0.13921798499696164,1000.0,0.4
1.0545165421529479,0.13862738587621512,1000.0,0.4
1.0700529644045964,0.1484736553146441,1000.0,0.4
1.0569453215736007,0.13573464578590574,1000.0,0.4
1.0280986102456027,0.14322241272304184,1000.0,0.4
1.0743453204193265,0.15289732436447995,1000.0,0.4
1.0326669785026363,0.1525915335246458,1000.0,0.4
1.0226664655730109,0.1484884816792576,1000.0,0.4
1.0209585665601362,0.1393227973799944,1000.0,0.4
1.0341995745695556,0.13374170704997057,1000.0,0.4
1.0796576476195925,0.14881725898712694,1000.0,0.4
1.0469704016845,0.14438936312607853,1000.0,0.4
1.0467342083008686,0.13937216898284138,1000.0,0.4
1.0656487517697673,0.14518096528968444,1000.0,0.4
1.0710349568915571,0.13699794162736445,1000.0,0.4
1.0832233239034237,0.12977865259887444,1000.0,0.4
1.0499193783974587,0.13802138916235981,1000.0,0.4
1.0505712503558726,0.1253735925997224,1000.0,0.4
1.0346242529139802,0.14460432117992134,1000.0,0.4
1.061732357309026,0.13377252864456074,1000.0,0.4
1.0339057439579409,0.14285768504598845,1000.0,0.4
1.04935312466232,0.14072162167325586,1000.0,0.4
1.0578640881208952,0.14484343544275663,1000.0,0.4
1.0378818675881967,0.14537608552737472,1000.0,0.4
1.0604553107408503,0.13294437469310025,1000.0,0.4
1.0612319897231708,0.13121385701429297,1000.0,0.4
1.0655887843837388,0.15103610071883658,1000.0,0.4
3.482701387323592,1.8628645840347429,1000.0,4.0
3.8101029883442354,1.8587487738306991,1000.0,4.0
3.4946353365170997,1.9803305839661982,1000.0,4.0
3.3103089757469615,1.8711682522905644,1000.0,4.0
3.735093627298404,1.9194098700332918,1000.0,4.0
3.3535717287772306,1.7399929419865556,1000.0,4.0
3.2420180029377823,1.8247147875531724,1000.0,4.0
3.4775340830148807,1.6797666637262008,1000.0,4.0
3.428299621746348,1.933616895246696,1000.0,4.0
3.4142473275630154,1.8820270924238467,1000.0,4.0
3.8316152515885675,1.8858188628886483,1000.0,4.0
3.598116329501086,2.149266136261897,1000.0,4.0
3.1867282506950536,1.9387614443668806,1000.0,4.0
3.712827693555487,1.840887118676379,1000.0,4.0
3.236085384544999,2.016032048819643,1000.0,4.0
3.6570238848026873,1.9838910560031704,1000.0,4.0
3.3427374049067686,1.9295165340348872,1000.0,4.0
3.7173483479732736,1.8339488118448999,1000.0,4.0
3.6075654117169362,1.8203608443000268,1000.0,4.0
3.4707818082949764,2.271108954334956,1000.0,4.0
3.5494681235050503,1.8993548008882968,1000.0,4.0
3.67641720219073,1.8522462907509436,1000.0,4.0
3.320511007276629,1.8390157615777885,1000.0,4.0
3.280263048064201,2.0691090093545084,1000.0,4.0
3.1959870370206716,1.9666384252848217,1000.0,4.0
3.1361399107175547,1.8672942320698473,1000.0,4.0
3.709948610942387,1.8672889811742925,1000.0,4.0
3.7143309005688527,1.967854205623416,1000.0,4.0
3.4343571616240793,2.1137698580596243,1000.0,4.0
3.418008248010955,1.7225894151212415,1000.0,4.0
3.299838156745018,1.9944731500325226,1000.0,4.0
3.2839268614521795,1.876613287808736,1000.0,4.0
3.1364590248607467,1.9586521290918173,1000.0,4.0
3.7062219512164485,1.9296801948457376,1000.0,4.0
3.13069729511317,2.04903149265544,1000.0,4.0
3.3484253114590845,1.9743354468788292,1000.0,4.0
3.483367378513638,2.0217645159135786,1000.0,4.0
3.1771000302555694,1.8636974470054852,1000.0,4.0
3.64252250536636,1.8836768857569561,1000.0,4.0
3.0804811793621143,1.8833494283829342,1000.0,4.0
3.878054555872929,1.875144102547669,1000.0,4.0
3.807397350207561,1.9768305403983082,1000.0,4.0
3.247006265097959,1.8992503079241239,1000.0,4.0
3.425723088423434,1.893671460121085,1000.0,4.0
3.854996110695006,1.9490088503339358,1000.0,4.0
3.579168751052337,1.9890307905164297,1000.0,4.0
3.7062718792624163,2.17357498152011,1000.0,4.0
3.0629533383373366,1.828758229304526,1000.0,4.0
3.367314414561737,1.819413584324658,1000.0,4.0
3.4049524021717947,1.940455523527666,1000.0,4.0
3.7555212477813553,1.8033062407782185,1000.0,4.0
3.259415948699639,1.7471447645534468,1000.0,4.0
3.5504760869099514,1.9252254222131018,1000.0,4.0
3.2184754673728584,2.085336487977643,1000.0,4.0
3.033004342066445,1.9586710448953162,1000.0,4.0
2.9986717452958316,1.7781454946330526,1000.0,4.0
3.4879883712315194,2.0125044242704004,1000.0,4.0
3.4324018052504455,2.2057861538607755,1000.0,4.0
3.3067227353914523,1.9577156365606456,1000.0,4.0
3.6371346743067137,1.9525376083115087,1000.0,4.0
3.682031309901764,2.0228747757706342,1000.0,4.0
3.348294615166295,1.9019682236585458,1000.0,4.0
3.0422034494524537,1.8677565982312583,1000.0,4.0
3.326612913024903,2.087272829568051,1000.0,4.0
3.4992423779331685,2.093016386918331,1000.0,4.0
3.3025908008444773,1.9381826595146205,1000.0,4.0
3.690902141840524,1.977629124049272,1000.0,4.0
2.995452787381288,1.8202019037620432,1000.0,4.0
3.6958234558242666,1.792259571707522,1000.0,4.0
3.7402304216023885,1.6597825412606264,1000.0,4.0
3.6225825137459897,1.9085843475470188,1000.0,4.0
3.5280743299813366,1.8026373990760851,1000.0,4.0
3.1938710817262868,1.933361038683941,1000.0,4.0
3.625948442502239,2.1830615156016124,1000.0,4.0
3.233228405736319,2.1442689237881245,1000.0,4.0
3.2565959755883385,1.7983864145297124,1000.0,4.0
3.151820149864451,1.7500520386758207,1000.0,4.0
3.5260030851130755,2.0236198332762956,1000.0,4.0
3.36955049499326,1.9354011317793078,1000.0,4.0
3.198496873617648,1.847495379016358,1000.0,4.0
3.1923005191642426,1.8869989372258298,1000.0,4.0
3.3190968188378163,1.9517041569419133,1000.0,4.0
3.4033155373175843,1.834863886872808,1000.0,4.0
3.447770328116944,1.9203204798196702,1000.0,4.0
3.2844056771989716,2.207260835395085,1000.0,4.0
3.692147310653914,1.87538733949721,1000.0,4.0
3.1013522094259356,2.097155890861005,1000.0,4.0
3.1549838360094555,1.8387819905767473,1000.0,4.0
3.199906976522906,1.937066802643694,1000.0,4.0
3.3853265075787995,1.7157478859972013,1000.0,4.0
3.0304949160565275,1.9801755604721496,1000.0,4.0
3.5120329133629458,1.7848423275101706,1000.0,4.0
3.923297055920146,1.8409046558609607,1000.0,4.0
3.9483665039192295,1.965964908008798,1000.0,4.0
3.8249421647177706,1.958040146105717,1000.0,4.0
3.381282311972237,2.1818036959564857,1000.0,4.0
3.724249272722292,2.144258005332575,1000.0,4.0
3.369277033936208,1.9319829854784842,1000.0,4.0
2.977513620189308,2.1382389642724084,1000.0,4.0
3.946745743112437,1.9069927468283523,1000.0,4.0
3.2236040159127075,1.8846630992594702,1000.0,4.0
3.841663497705276,1.813061569433029,1000.0,4.0
3.685358982616744,1.8803786126696336,1000.0,4.0
4.056113688316644,1.9488542241692053,1000.0,4.0
3.515125476423329,2.008933879405751,1000.0,4.0
3.145576502461365,1.8683995991504687,1000.0,4.0
3.5102490064308864,1.812912474554229,1000.0,4.0
3.444365940412663,2.1619925208273556,1000.0,4.0
3.4574229152557363,1.858191946848821,1000.0,4.0
3.602071592620101,1.7713605012952185,1000.0,4.0
3.593871009509851,2.209871197830124,1000.0,4.0
3.6807844024898015,1.9555559449179618,1000.0,4.0
3.3484246708002248,1.9470862427960876,1000.0,4.0
3.044220942580953,2.0712481579648343,1000.0,4.0
3.993247104577046,1.819982250870444,1000.0,4.0
2.8745032915664828,1.8263397194802318,1000.0,4.0
3.3687321451769336,1.9744342581371979,1000.0,4.0
3.6745615953074715,1.9534732526939897,1000.0,4.0
3.2720539154795696,1.6339553095385115,1000.0,4.0
3.4055362535684166,1.6883586317913104,1000.0,4.0
3.374647372643842,1.9516763036177205,1000.0,4.0
3.182477941057559,2.090348948279485,1000.0,4.0
3.3422200222768152,1.8326299404763287,1000.0,4.0
3.0896623507582577,2.0175878723520997,1000.0,4.0
3.512428377757397,1.8760767453088443,1000.0,4.0
3.1882428016858926,2.0337091414800486,1000.0,4.0
3.5479074499174246,1.7906971400056129,1000.0,4.0
3.684928786722304,1.8131403895254457,1000.0,4.0
4.104200049837847,2.0468950889162865,1000.0,4.0
3.6582901046670995,1.923315448821039,1000.0,4.0
3.2690403767890226,1.85047000248873,1000.0,4.0
3.2003648538481464,1.7985971111095453,1000.0,4.0
3.54804458397043,1.8226163608188364,1000.0,4.0
3.4895377793173354,1.9726790344228207,1000.0,4.0
3.4652069750105867,1.8383346809487497,1000.0,4.0
3.4341237076180926,1.7910980644211871,1000.0,4.0
3.409450493193265,1.8213989562535378,1000.0,4.0
3.166598949196623,1.816382991679919,1000.0,4.0
3.2561534883044803,2.053719509602752,1000.0,4.0
3.600764088817033,1.9267093060540539,1000.0,4.0
3.0233688940249706,2.058592165834088,1000.0,4.0
3.5464399007215297,1.9612832747519153,1000.0,4.0
3.615592653788865,1.9448203028856734,1000.0,4.0
3.596008154223779,1.8297279211461976,1000.0,4.0
3.7024898356442137,1.8974437554369423,1000.0,4.0
3.6048169583011016,1.8816803781879743,1000.0,4.0
3.1939779955455005,1.9527529133052952,1000.0,4.0
3.5140796117212028,1.9128474211297688,1000.0,4.0
3.7806950853349166,1.8875926320722336,1000.0,4.0
3.5687859241399646,1.9722140786756357,1000.0,4.0
3.4805846982567097,2.1056162090797206,1000.0,4.0
3.8519257075377187,1.9337732869097193,1000.0,4.0
3.2367165089935415,1.7472878691852722,1000.0,4.0
3.504924927591506,2.0000116529737126,1000.0,4.0
3.712602136794445,1.854692909976608,1000.0,4.0
3.4234013892770645,1.7577984047209212,1000.0,4.0
3.5693238571849877,2.0812626265931495,1000.0,4.0
3.1885803283166996,2.0662495498562907,1000.0,4.0
3.133641351250849,2.0080957488068214,1000.0,4.0
3.508865029681814,1.6715529290615003,1000.0,4.0
3.6520706921210584,1.9599727710076513,1000.0,4.0
3.359557065850014,2.217230305426068,1000.0,4.0
3.6692399492734467,1.851478873307725,1000.0,4.0
3.4172303506465926,1.9479064880373553,1000.0,4.0
3.9743200750666117,1.910986803952748,1000.0,4.0
2.9276181139296718,1.7341311102128427,1000.0,4.0
3.567901260430743,1.765915237924811,1000.0,4.0
3.2856466874016097,1.7997391217422538,1000.0,4.0
3.2126299704305175,1.810502390576105,1000.0,4.0
3.710225411011851,1.8690107902564108,1000.0,4.0
3.583681725417258,1.7470972724636684,1000.0,4.0
3.479980419350698,2.097904237442845,1000.0,4.0
3.2066641676661343,1.716449038934195,1000.0,4.0
3.070439163331139,1.8376651636594699,1000.0,4.0
3.564064392917786,1.8711090328139572,1000.0,4.0
3.3627750239266416,1.9360951204912342,1000.0,4.0
3.2394451378097324,1.941833655822615,1000.0,4.0
3.372424647208279,1.8682436498486559,1000.0,4.0
3.3118392985109666,1.8883895519273939,1000.0,4.0
3.451070900664374,1.7187399236213379,1000.0,4.0
3.4053494034343426,1.9780140544183122,1000.0,4.0
3.4089841843334003,1.8289788775330624,1000.0,4.0
3.114019933603145,1.9501746004677103,1000.0,4.0
3.357282657030991,1.8877417446370544,1000.0,4.0
3.271033187015456,1.9901095863124323,1000.0,4.0
3.859255882383232,1.9921606965728091,1000.0,4.0
3.5131906374001907,1.8395039941845441,1000.0,4.0
3.063773615241249,1.9839841201049118,1000.0,4.0
3.915022995289257,1.9720321469792563,1000.0,4.0
3.3096898420857173,1.8410171684623997,1000.0,4.0
3.286346847517502,2.045445238040127,1000.0,4.0
3.24551697020306,2.141568730505603,1000.0,4.0
3.437061962754032,1.6851390762105116,1000.0,4.0
3.4930478514363155,1.964155920117128,1000.0,4.0
3.5609501783006774,1.869099155268996,1000.0,4.0
3.4240670601603163,1.6928230702735958,1000.0,4.0
3.033099712382241,1.8880666021022525,1000.0,4.0
3.467858693095369,1.9327484297660333,1000.0,4.0
3.3850843812591256,1.8903794932865552,1000.0,4.0
3.5041388557259507,1.8278059346262137,1000.0,4.0
2.9380037427017007,1.9756228857430218,1000.0,4.0
3.3894540032219456,1.948936940517568,1000.0,4.0
3.377568628980408,1.954626706783879,1000.0,4.0
3.3629950837710796,1.9283278369881334,1000.0,4.0
3.0575317610883017,1.9335735759090968,1000.0,4.0
3.153978918089166,2.0337949501689576,1000.0,4.0
3.7992306762534636,1.9532738950103434,1000.0,4.0
3.0135930259608186,1.791017370694931,1000.0,4.0
3.7383055402654914,1.9276597147219394,1000.0,4.0
3.4465706203649136,1.9911567978974551,1000.0,4.0
2.914699070416786,1.879702699221196,1000.0,4.0
3.417569231924711,1.9605841794392638,1000.0,4.0
3.222762718632932,1.8210433576162623,1000.0,4.0
2.9824917390191246,1.9301306914815322,1000.0,4.0
3.1645160872917586,1.962806610078288,1000.0,4.0
3.5176979944884788,2.04766899394838,1000.0,4.0
3.5480173879243693,2.114859609947792,1000.0,4.0
3.3464199283672915,1.9482114521532838,1000.0,4.0
3.6691383013983465,1.7809777195343857,1000.0,4.0
3.4579941741357536,2.035814021453508,1000.0,4.0
3.5370457055101645,2.03288442254721,1000.0,4.0
3.5040612626437104,1.7619344662675667,1000.0,4.0
3.4116333067825426,1.9211543244360854,1000.0,4.0
3.6906543444471764,2.126998464828468,1000.0,4.0
3.800002054300299,1.95848254694118,1000.0,4.0
3.6239540920710516,1.872592311705114,1000.0,4.0
3.322930404249573,1.9270669107799143,1000.0,4.0
3.554779203257577,1.8179839070758366,1000.0,4.0
3.4398454219525263,1.7650406250217634,1000.0,4.0
3.704705695132882,1.8278452603895887,1000.0,4.0
3.5105678624872105,1.8302026500442607,1000.0,4.0
4.0710698692949245,1.9637887432280272,1000.0,4.0
2.96381915974213,1.9624943404431539,1000.0,4.0
3.411796274155294,1.9207523337749495,1000.0,4.0
3.1213553399172524,2.102817833163377,1000.0,4.0
3.562307594379164,1.800609963470173,1000.0,4.0
3.095248423430319,1.7788230142267503,1000.0,4.0
3.3720857832980617,1.7993832286722928,1000.0,4.0
3.3665270308858903,2.148111389262992,1000.0,4.0
3.2630051384170415,1.8907697508887875,1000.0,4.0
3.389636494886721,2.1198046184659374,1000.0,4.0
3.388135760050244,2.1453746753123157,1000.0,4.0
3.3672667878764724,1.9793870330296703,1000.0,4.0
3.418378246734549,1.9237582472468966,1000.0,4.0
3.62604725387274,2.0232021711596513,1000.0,4.0
3.4081216816643822,2.030983119695992,1000.0,4.0
3.490451736267288,1.9555396171682242,1000.0,4.0
3.7537982392516653,1.9053752764158856,1000.0,4.0
3.230454118605431,1.8277060754837768,1000.0,4.0
3.8517163633298925,1.848863943623424,1000.0,4.0
3.210233256955939,1.7677551560501303,1000.0,4.0
3.721841798315877,2.0840362005395945,1000.0,4.0
3.562939199562671,1.8178197781950058,1000.0,4.0
3.537198698512634,1.7129974802932193,1000.0,4.0
3.57396853714783,1.830989906336202,1000.0,4.0
3.241491872049105,1.9792524438552295,1000.0,4.0
3.408401671251307,1.9166900275952392,1000.0,4.0
3.4381099535219968,1.7890045820816036,1000.0,4.0
3.5763837818669875,1.770797618379913,1000.0,4.0
3.2534114631982254,1.8840349705352146,1000.0,4.0
3.5779764931266507,1.900413227959203,1000.0,4.0
3.4634518003861765,1.9286989584037821,1000.0,4.0
3.810892487029932,1.7179810544620895,1000.0,4.0
3.350753451197509,2.1129935108681357,1000.0,4.0
3.7120249190375083,1.8472767084570971,1000.0,4.0
3.550110312773103,1.8600986522073983,1000.0,4.0
3.633758280046361,1.7909537962601316,1000.0,4.0
3.2383633925962276,2.037744465297117,1000.0,4.0
3.7185584952782555,1.9621709285595783,1000.0,4.0
3.3435036411777803,1.8883258853509577,1000.0,4.0
3.1637856861194447,1.7667264877253674,1000.0,4.0
3.523808020650368,2.009098887879907,1000.0,4.0
3.4177704146951497,1.8184472568641343,1000.0,4.0
3.731556883024155,2.1044916677652323,1000.0,4.0
3.808172393436251,1.8267151505669377,1000.0,4.0
3.8953485042476257,1.900701592898757,1000.0,4.0
3.515932050415988,2.1339274670488084,1000.0,4.0
3.7624643862008407,1.9241119718270545,1000.0,4.0
3.577511647920417,1.8502288070600823,1000.0,4.0
3.494227564046243,1.8995955830004168,1000.0,4.0
3.7431937782890716,1.889983646426024,1000.0,4.0
3.7333878767685573,1.9313092069582332,1000.0,4.0
3.3439810577379436,2.0502136815156176,1000.0,4.0
2.9941354166845957,2.027076524416466,1000.0,4.0
3.4007166753211657,1.9281724637503705,1000.0,4.0
3.369683735386804,1.9177099234843806,1000.0,4.0
3.246113126879079,1.8926162667187905,1000.0,4.0
3.4814522020641805,1.9404912940655021,1000.0,4.0
3.5675151740110915,1.9598416796286273,1000.0,4.0
3.246016554208968,2.065254597889761,1000.0,4.0
3.441543708521499,1.690153859754374,1000.0,4.0
3.3508310886586377,1.8769027395709958,1000.0,4.0
3.9842795154391313,1.8368723635414463,1000.0,4.0
3.1808452428684855,1.8974989975534462,1000.0,4.0
3.512322910447088,1.8134715055702983,1000.0,4.0
3.514989197080583,1.8853169871533122,1000.0,4.0
3.46310630641366,1.7008500954558559,1000.0,4.0
3.543852862540979,2.090499637776201,1000.0,4.0
3.1060564362489114,2.032151427563381,1000.0,4.0
3.566830267642494,1.7780179930768967,1000.0,4.0
3.106047167293338,2.020646558346656,1000.0,4.0
3.6755853881564606,2.035632394457603,1000.0,4.0
3.374128344803193,1.9718745070289017,1000.0,4.0
3.39533533614455,1.918440232040579,1000.0,4.0
3.3587017082617954,1.9481493817916615,1000.0,4.0
3.521880119239448,2.1038925167749962,1000.0,4.0
3.3932927846615066,1.9342586755053581,1000.0,4.0
3.655779788212561,1.8606773730566282,1000.0,4.0
3.963619206699032,1.8904512394208814,1000.0,4.0
3.103918230677994,1.8857539894290851,1000.0,4.0
3.79899887897153,2.090726276040267,1000.0,4.0
3.165787177768836,1.9712974503323315,1000.0,4.0
3.3442325777801623,1.7970785337851705,1000.0,4.0
3.3242124512508084,1.8001769979539275,1000.0,4.0
3.423372933575352,2.0448244375377898,1000.0,4.0
3.624778328452471,1.6551053289555893,1000.0,4.0
3.4599029053950745,1.9382498399258374,1000.0,4.0
2.937903520683292,1.9208905031317445,1000.0,4.0
3.2819032633896454,2.027325774505777,1000.0,4.0
3.1010935001247146,1.8164898037536303,1000.0,4.0
3.7754473408246487,2.1564067316251982,1000.0,4.0
3.22536488364387,1.8659679904746245,1000.0,4.0
3.7971844384844764,1.8041723831362138,1000.0,4.0
3.6667220293165714,2.027644572565566,1000.0,4.0
3.6236592127900598,1.784195827037408,1000.0,4.0
3.1449133911425613,1.7969234558767135,1000.0,4.0
3.5287197837642763,1.9014340964093503,1000.0,4.0
3.035558622083973,1.9244658585647114,1000.0,4.0
3.5566697361180553,1.8606800113414075,1000.0,4.0
3.5904559935145857,1.8034103577640266,1000.0,4.0
3.762685003624066,1.9806176313114885,1000.0,4.0
3.389345865893622,1.9228852071551839,1000.0,4.0
3.676340961633475,1.8917050332343495,1000.0,4.0
3.8884325007732325,1.9878692247761771,1000.0,4.0
3.046029511757097,1.8212640686897725,1000.0,4.0
3.2047389373129573,2.0567691142675426,1000.0,4.0
3.556071824673499,1.9864241688276962,1000.0,4.0
3.294262595879962,2.0608105060858746,1000.0,4.0
3.5948770627820608,1.973018211181724,1000.0,4.0
3.586183923618025,1.9165463812729422,1000.0,4.0
3.45426648083111,1.8122601309437336,1000.0,4.0
3.7566849500068074,1.8206588116436633,1000.0,4.0
3.392906648336335,1.833843433654158,1000.0,4.0
3.601583730229274,1.9474648948042579,1000.0,4.0
3.970869372456167,1.8895400442902444,1000.0,4.0
3.0995779355513977,1.8613973607420247,1000.0,4.0
3.411114631624928,1.9570332975659155,1000.0,4.0
3.4631229296271,1.7685571566959968,1000.0,4.0
3.3805974550518654,1.934795205155733,1000.0,4.0
3.896602868527359,1.891483767490728,1000.0,4.0
3.2513875893358537,2.109085855929379,1000.0,4.0
3.656285666222251,1.7620257449046979,1000.0,4.0
3.420750585920819,1.9306777715661523,1000.0,4.0
2.8651885767443077,1.9183544978437934,1000.0,4.0
3.5535970132140893,1.689552519833025,1000.0,4.0
3.418276445543476,1.9429773059153912,1000.0,4.0
3.470999565842542,1.9026102933470421,1000.0,4.0
3.1914295646337325,1.8197947518711028,1000.0,4.0
3.76737957483341,2.0012657340583053,1000.0,4.0
3.9158213632792576,1.9429130440433908,1000.0,4.0
3.7128708283938003,1.996124003695733,1000.0,4.0
3.346816283166177,2.0955818643773196,1000.0,4.0
3.7916593403922705,1.703763645772706,1000.0,4.0
3.745519751268506,2.000417367640213,1000.0,4.0
3.468517724069452,1.8896253374614,1000.0,4.0
3.9912572468819976,1.9265344457091083,1000.0,4.0
3.2319440296142803,1.9640357713936822,1000.0,4.0
3.1904637603708967,2.000793926310376,1000.0,4.0
3.610060693739169,2.100255175181992,1000.0,4.0
3.565035316400729,1.8749205678288097,1000.0,4.0
3.3272557485272665,1.925316783931068,1000.0,4.0
2.9926028159294846,1.9435378964156365,1000.0,4.0
3.36787731956035,1.8913921699269887,1000.0,4.0
3.3768857219314157,1.882799438440738,1000.0,4.0
3.302262133680518,1.7278206140244683,1000.0,4.0
3.81120615230521,1.7603194461642213,1000.0,4.0
3.622708303532586,1.7955437474857967,1000.0,4.0
3.3815139889980035,1.9822303820663347,1000.0,4.0
3.2472197357544803,1.998916675162677,1000.0,4.0
3.245208838437534,1.972115903818098,1000.0,4.0
3.140592535483578,2.053959035404746,1000.0,4.0
3.5918885005220416,1.8552306278219706,1000.0,4.0
3.033941991448199,2.096384094519297,1000.0,4.0
3.620190440596639,2.106267205591355,1000.0,4.0
3.387437032578612,1.7980726033209897,1000.0,4.0
3.444190963831524,1.879435365773705,1000.0,4.0
3.1947573828248546,2.0014013105232786,1000.0,4.0
3.671642456147197,1.9532262498941606,1000.0,4.0
3.051523758752377,1.931640672765809,1000.0,4.0
3.3959143402161525,1.8870641854677976,1000.0,4.0
3.32225652766375,1.7459045642552997,1000.0,4.0
3.42748073547627,1.8871964109707482,1000.0,4.0
3.1549314111252755,2.144319069471958,1000.0,4.0
3.454488367046906,1.8338102051153433,1000.0,4.0
3.493505935190875,1.7793413942615586,1000.0,4.0
3.611705338363668,1.7343016849307569,1000.0,4.0
3.2749206432934295,2.0286610775422838,1000.0,4.0
3.6621958826440264,1.7884746968613454,1000.0,4.0
3.108752184242679,1.8406431242565868,1000.0,4.0
3.0810777187745715,1.9643996999256794,1000.0,4.0
3.714803252524236,2.0063182092681986,1000.0,4.0
3.1985194895819857,2.0047116984283297,1000.0,4.0
2.7807999965625516,2.075849590329368,1000.0,4.0
3.5584759791368326,1.9101474957274154,1000.0,4.0
3.8322799401927012,1.923428636340451,1000.0,4.0
3.1541430593026103,1.9461425129491818,1000.0,4.0
3.668891570250697,2.0025944307873176,1000.0,4.0
3.758292021122508,2.085211808120282,1000.0,4.0
3.6476027845610326,1.8930908884529754,1000.0,4.0
3.2001155051969215,1.733735464858212,1000.0,4.0
3.9843937302681294,1.871774588005608,1000.0,4.0
3.3375835357287547,1.8049963558904512,1000.0,4.0
3.284357987284236,1.9224943266173742,1000.0,4.0
3.792171896810859,1.8370557628934936,1000.0,4.0
3.603490994488718,1.8517450943630498,1000.0,4.0
3.3234569811520935,1.9561939695070332,1000.0,4.0
3.1175187383245775,1.920254813496108,1000.0,4.0
3.2865141180752246,1.8944635427076384,1000.0,4.0
3.333760416698208,1.897605078165602,1000.0,4.0
3.210493784522636,1.954462441772631,1000.0,4.0
2.9477472650316234,1.9286409723456568,1000.0,4.0
3.544269549796218,2.0331199071580426,1000.0,4.0
3.469295749588478,1.8928404884304981,1000.0,4.0
3.4186228836203236,1.8157760209123854,1000.0,4.0
3.379397860158879,1.997558814005515,1000.0,4.0
3.6794288353222906,1.9805607684154496,1000.0,4.0
3.6304059197618623,1.989230793100182,1000.0,4.0
3.6910832902083683,1.6875707484484932,1000.0,4.0
3.3517162412124457,1.870403770508093,1000.0,4.0
3.0155699755651257,1.9501023673419648,1000.0,4.0
4.205475722173075,1.9369868526617242,1000.0,4.0
3.4068053344499747,1.9626260379741578,1000.0,4.0
3.5696974512178303,1.8852776456535008,1000.0,4.0
3.077211257516357,1.9826396817614795,1000.0,4.0
3.6420307081060237,2.0670574377214948,1000.0,4.0
3.524808233303766,1.974200744470998,1000.0,4.0
3.0309834816551646,1.9926457457078635,1000.0,4.0
3.4336107245057312,1.8696310260994966,1000.0,4.0
3.2432489525248496,1.9483999147974704,1000.0,4.0
3.7662224082295572,1.987594242731979,1000.0,4.0
3.5612312326391518,2.0349345085416553,1000.0,4.0
3.237624718156012,1.9523022713419869,1000.0,4.0
3.439476198040205,2.1182168037278024,1000.0,4.0
3.1988263702257007,1.9104850829738407,1000.0,4.0
3.4719996821843297,1.852534721914361,1000.0,4.0
3.6384690175567047,1.7769853352616827,1000.0,4.0
3.444754305938749,1.9082551229475062,1000.0,4.0
3.5109217031784987,1.7966549842012978,1000.0,4.0
3.2605383385352136,2.009892651321148,1000.0,4.0
3.7327551378647725,1.718021664155658,1000.0,4.0
3.245833243786178,1.9222492434284446,1000.0,4.0
3.4470938863689753,2.250100158545995,1000.0,4.0
3.6468853915712893,1.9158602249601564,1000.0,4.0
3.2015074314112013,1.9445190133979249,1000.0,4.0
3.3230958780055593,2.0590092436014173,1000.0,4.0
3.4214081469419964,1.8424381233993041,1000.0,4.0
4.2856819577085,2.1318770448441255,1000.0,4.0
3.392043423305155,1.8776270451463917,1000.0,4.0
3.5319596657720216,1.8304968357431437,1000.0,4.0
3.3108700543643366,1.9245922925371488,1000.0,4.0
3.1515082356859403,1.9145648457342175,1000.0,4.0
3.1579702395883036,1.9943336447063347,1000.0,4.0
2.967662067037464,2.006771689390624,1000.0,4.0
3.1415218187067926,2.0717289936489425,1000.0,4.0
3.675454110453355,1.9177778198274325,1000.0,4.0
3.2361141043877075,2.0236872726919253,1000.0,4.0
3.5377468541282586,2.0157137365597353,1000.0,4.0
3.4036892131076457,1.9885908680901827,1000.0,4.0
3.7092208612475708,1.7498508178836847,1000.0,4.0
3.4450755760146943,1.970993450950068,1000.0,4.0
3.509806632823715,2.128969145578207,1000.0,4.0
3.0453507289312367,1.869096562484399,1000.0,4.0
3.391192899315473,1.7422855446665928,1000.0,4.0
3.33439056632528,1.7865534031595203,1000.0,4.0
3.219875909278857,2.023298041770295,1000.0,4.0
3.648436848251953,1.8975042917901455,1000.0,4.0
3.2862120382447824,2.157318177130673,1000.0,4.0
3.6042860200987863,1.7503430972763687,1000.0,4.0
3.3320999946407612,1.9573965204747925,1000.0,4.0
3.0316505910931766,2.1135965487350097,1000.0,4.0
3.563255689399429,1.9193266097314636,1000.0,4.0
3.597659562333894,2.004356339337603,1000.0,4.0
3.315976712683641,2.042566660176169,1000.0,4.0
3.2411517120868103,2.017130205414454,1000.0,4.0
3.714714581501763,1.8318061599676363,1000.0,4.0
3.6014888618345684,1.9518685428638902,1000.0,4.0
4.2902123385771525,1.9505938263360816,1000.0,4.0
3.748422571695675,1.9395894182399516,1000.0,4.0
3.3144775840075966,1.7989301026821019,1000.0,4.0
3.8695961478957868,1.7779616646988292,1000.0,4.0
3.5495671838943514,2.087533466540565,1000.0,4.0
3.5209410928179095,1.9090459644124491,1000.0,4.0
3.5123913483138094,2.1034891260859347,1000.0,4.0
3.3456095870811007,2.13871806228483,1000.0,4.0
3.2617409637878905,1.9605703750032644,1000.0,4.0
3.911583275044061,1.8932105012579143,1000.0,4.0
3.2927139375186134,1.9375750818633086,1000.0,4.0
3.8503085801614167,1.8563651342501686,1000.0,4.0
3.6635470473842817,2.0068339076600292,1000.0,4.0
3.588861325469198,1.8754033851079968,1000.0,4.0
3.476107701603737,1.9268795675736827,1000.0,4.0
3.1108910454239087,1.9215771630139338,1000.0,4.0
3.219683683512735,2.2057796743085087,1000.0,4.0
3.3210449750442987,1.87939945278444,1000.0,4.0
2.979994809245504,1.922444381239566,1000.0,4.0
3.041075207802564,1.7928923220866364,1000.0,4.0
3.286435930748106,1.9297620061530383,1000.0,4.0
3.5908943913383484,1.9703498132897856,1000.0,4.0
3.5430960192161454,1.922446510081644,1000.0,4.0
3.6747811087303415,1.8729600412031218,1000.0,4.0
3.5142734215310054,1.8463831093518834,1000.0,4.0
3.218180991429908,1.9512020064682134,1000.0,4.0
3.1399042436425395,1.9882568981691269,1000.0,4.0
3.5947082783260225,1.9265524387027548,1000.0,4.0
3.2684578633579267,1.8864768074705114,1000.0,4.0
3.603466764375123,1.9020896300072172,1000.0,4.0
3.359044435870423,1.774662512206902,1000.0,4.0
3.6090617628442203,1.8896098590063388,1000.0,4.0
3.0454726255233258,1.847943804186021,1000.0,4.0
3.6067144412215564,1.8036500972470855,1000.0,4.0
3.135088379515498,1.6389438557139413,1000.0,4.0
3.4095027886110216,1.8619187497157301,1000.0,4.0
3.2281794754081266,1.9286247381243622,1000.0,4.0
3.2188728366235075,1.9292215691395918,1000.0,4.0
3.6260999350078458,1.9022913426217742,1000.0,4.0
3.3729142913321493,2.1097770990281064,1000.0,4.0
3.5991462278627826,1.864473148932873,1000.0,4.0
3.6503606942870643,1.844407279784858,1000.0,4.0
3.4792713224790828,1.9148347974872948,1000.0,4.0
3.4875655719029264,1.7357020289005831,1000.0,4.0
3.923604963528966,1.9723911001322425,1000.0,4.0
3.2392544147630664,1.8583875505640624,1000.0,4.0
3.091191277366211,2.0724292120678465,1000.0,4.0
3.128131859332724,2.074638747845278,1000.0,4.0
3.3615428646784347,1.9984187680365624,1000.0,4.0
3.3921663018121615,2.060096810168736,1000.0,4.0
3.669019245072032,1.9720608827410981,1000.0,4.0
3.6117835265324505,1.8209484143229928,1000.0,4.0
3.1786874692697813,2.0790661362086067,1000.0,4.0
3.232374070115829,2.0729637203085307,1000.0,4.0
3.44945117754313,1.923476684946183,1000.0,4.0
3.088247246780392,1.86929834502088,1000.0,4.0
3.3816717613046468,1.7784099153625244,1000.0,4.0
3.3039396357876165,1.899903881540804,1000.0,4.0
3.410126596029351,2.02204220209037,1000.0,4.0
3.4868087168036164,2.1333969232042276,1000.0,4.0
3.6504721096225583,2.002976104933787,1000.0,4.0
3.700760214385849,1.8900007953943272,1000.0,4.0
4.0691362465504834,1.8320055138894145,1000.0,4.0
2.735952193714893,1.8601931901796094,1000.0,4.0
3.2025438342093078,2.00891174590916,1000.0,4.0
3.6535664200786138,2.0299650854990525,1000.0,4.0
3.3202004110303553,1.9579655469065662,1000.0,4.0
3.4142029004800962,1.7743746137285314,1000.0,4.0
3.386735079300481,1.8462263325195645,1000.0,4.0
3.17442686492014,1.9769118862499635,1000.0,4.0
3.625941355691741,1.956584111163567,1000.0,4.0
3.934602810971463,1.8333262090120612,1000.0,4.0
3.4923132848155465,1.9571591151492407,1000.0,4.0
3.351160582495361,2.0472829181857626,1000.0,4.0
3.3592179564780613,2.086913158028027,1000.0,4.0
3.518258813977567,1.8544494560865743,1000.0,4.0
3.625267050371301,2.0025735783002063,1000.0,4.0
3.4132809011019596,1.812514497183416,1000.0,4.0
3.183472180085184,1.9805034081112964,1000.0,4.0
3.846971687190905,1.820472890874185,1000.0,4.0
3.709230026648561,1.9335866521067768,1000.0,4.0
3.0973195353896554,1.9571201507045697,1000.0,4.0
3.148000658471601,1.8231986475719284,1000.0,4.0
3.4753014891432086,1.90532476077094,1000.0,4.0
3.467388104896758,1.8234654779954624,1000.0,4.0
3.4737817955729686,1.8341582556245108,1000.0,4.0
3.349578626339121,1.9976622740176908,1000.0,4.0
3.7104488600498717,1.8127192657128695,1000.0,4.0
3.6272560049796794,1.6397326490255115,1000.0,4.0
3.314793289994645,1.9138237176148285,1000.0,4.0
3.8823644604572944,2.019151158737511,1000.0,4.0
3.5349905809398976,1.8295816583937208,1000.0,4.0
3.300463228015531,1.8813487133320688,1000.0,4.0
3.0780100143930578,1.8893925834663665,1000.0,4.0
3.240078383120639,1.7773429231942945,1000.0,4.0
3.1132229183637654,1.708806660016259,1000.0,4.0
3.1756857227295723,1.7103670617357922,1000.0,4.0
3.6357967445809947,1.9542265295739014,1000.0,4.0
3.1488057915363363,1.964065524323602,1000.0,4.0
3.3932896098160352,1.8374748007961166,1000.0,4.0
3.2282875487360694,1.8857662740455763,1000.0,4.0
3.169223713177139,2.071698623129977,1000.0,4.0
3.280872721668618,1.793553226278427,1000.0,4.0
3.5374028447830295,2.0969595423375895,1000.0,4.0
3.198140292192179,1.7398453174022597,1000.0,4.0
3.3045305666994995,1.8370963957823914,1000.0,4.0
3.505565838721623,1.9192918665236922,1000.0,4.0
3.547835524752327,1.717661703313516,1000.0,4.0
3.255583976519448,1.854596053262334,1000.0,4.0
3.3591271545993364,1.8862230827920383,1000.0,4.0
2.900775566415851,1.8824633043888686,1000.0,4.0
3.5600828891406358,1.9127139112721652,1000.0,4.0
3.380417956793566,1.8091380476351198,1000.0,4.0
3.3308506221964986,1.7286724023048545,1000.0,4.0
3.781976523692636,1.8878819629059156,1000.0,4.0
3.2664207470780893,1.811712811266769,1000.0,4.0
3.257901302701515,2.042807956637423,1000.0,4.0
3.330656150787862,1.9326133975549034,1000.0,4.0
3.412840472112031,1.8824660032979044,1000.0,4.0
3.304602920318269,2.04473018147256,1000.0,4.0
3.2095951836975076,1.9741256725855598,1000.0,4.0
3.528825950505992,1.863186138202734,1000.0,4.0
3.5577932847147977,1.7693786613260314,1000.0,4.0
3.106726625966753,2.009661724108007,1000.0,4.0
3.509160926738906,1.9722399647942348,1000.0,4.0
3.29764327314135,1.9035172980945043,1000.0,4.0
3.293518281829738,1.9163049467598294,1000.0,4.0
3.383308729676142,1.9478266006371383,1000.0,4.0
3.118212243470695,1.9169975145985978,1000.0,4.0
3.3599824870516213,2.066126802703723,1000.0,4.0
3.339360822453888,2.1911754640377903,1000.0,4.0
3.1199004290577,1.7374517503504294,1000.0,4.0
3.4145396849882386,1.9173228278037007,1000.0,4.0
3.5145982558465483,2.1118369220582993,1000.0,4.0
3.515951845765387,1.80393328107965,1000.0,4.0
2.9147607095205923,2.1834058816732456,1000.0,4.0
3.5929729001893707,1.8053548212280366,1000.0,4.0
3.466131129874603,2.035475527817949,1000.0,4.0
3.6072634830597523,1.9077998454821532,1000.0,4.0
3.6001718577499804,1.8189240311090145,1000.0,4.0
3.572630029998506,1.7387272134327316,1000.0,4.0
3.5206516623186266,1.8962216134574121,1000.0,4.0
3.804971606928172,1.7961873684982672,1000.0,4.0
3.6453964030701425,1.9265459888183232,1000.0,4.0
3.7551689299101514,1.9159142388231614,1000.0,4.0
3.291546157659908,2.0446065716247253,1000.0,4.0
3.5979786871093786,2.124687745230448,1000.0,4.0
3.256321277689137,1.8111157454283942,1000.0,4.0
3.5271974375022066,2.2821689530619595,1000.0,4.0
3.2771930994058964,2.040440019343377,1000.0,4.0
3.3323869073997603,1.9944652526038746,1000.0,4.0
3.8648238368007846,1.763689873906587,1000.0,4.0
2.7928450705883483,1.9803624015325036,1000.0,4.0
3.7725029409708952,2.037116669631165,1000.0,4.0
3.501895672374379,2.0281614837882933,1000.0,4.0
2.916175928050493,1.8938203695156768,1000.0,4.0
3.440327665345442,1.9940822914479683,1000.0,4.0
3.353224357148057,2.002203281976661,1000.0,4.0
3.592846875611768,1.8395789269616614,1000.0,4.0
2.8618533244720874,1.7487052506854557,1000.0,4.0
3.885173506988869,2.0950847089971685,1000.0,4.0
2.9768246232669777,1.8873204415984541,1000.0,4.0
3.287051015557049,1.9318686505817788,1000.0,4.0
3.5671839946127775,1.927285213789465,1000.0,4.0
3.4919881873304437,1.9366223857692089,1000.0,4.0
3.329412058107805,1.7875445812231512,1000.0,4.0
3.1719789252464534,2.0442793382861546,1000.0,4.0
3.422798923024003,1.8690025924720899,1000.0,4.0
3.8218347979444762,1.7770656331228043,1000.0,4.0
3.257196243003463,1.9923762278981725,1000.0,4.0
3.2357369040354733,1.8794419932416297,1000.0,4.0
3.5262295234863044,2.0537052684387724,1000.0,4.0
3.503086360511006,1.880323220194117,1000.0,4.0
3.4557840092812877,1.9491596425459414,1000.0,4.0
3.2673289863599453,2.103733538152982,1000.0,4.0
3.7346204553511817,1.9054248001576068,1000.0,4.0
3.175726876387176,2.0197106839546306,1000.0,4.0
3.4426938849602906,1.724924679887252,1000.0,4.0
3.20376569792152,2.068239734960043,1000.0,4.0
3.3968687057733846,1.9159856328687392,1000.0,4.0
3.2668050747217565,1.8585887261078173,1000.0,4.0
3.4958638341764043,1.978412508191973,1000.0,4.0
3.696628541377974,2.002044655012312,1000.0,4.0
3.502782453170562,1.9847038448195664,1000.0,4.0
3.5482993647568954,1.7491947660015386,1000.0,4.0
3.6983189154342693,1.8548484901789137,1000.0,4.0
3.400945244383652,1.8217024551239076,1000.0,4.0
3.473143739464453,1.9106604931182056,1000.0,4.0
3.2606752703512947,1.826761837617574,1000.0,4.0
3.342890803206675,2.2414408918827853,1000.0,4.0
3.592387749634558,1.7610532694798624,1000.0,4.0
3.555722163214693,1.9425082077726332,1000.0,4.0
4.074270095176944,1.7395175669070273,1000.0,4.0
3.250730391299213,2.1326879927590294,1000.0,4.0
3.6068615698125814,1.9576771094220946,1000.0,4.0
3.2992168028591258,1.7868101555759508,1000.0,4.0
3.271182881339104,1.7899421650378289,1000.0,4.0
2.9269591399017374,2.082788043435611,1000.0,4.0
3.0636056594111305,1.8663900851381074,1000.0,4.0
3.5563323421999917,1.9603098172051314,1000.0,4.0
3.6203135751037983,2.060009867341317,1000.0,4.0
3.570370795641937,1.9970261865499104,1000.0,4.0
3.6774944038360635,1.904819404022714,1000.0,4.0
3.3211642947402176,1.9111114302026744,1000.0,4.0
3.530074083617542,1.9528548797807308,1000.0,4.0
3.289423280640536,1.8405438575692532,1000.0,4.0
3.50479682359146,1.7990248242611642,1000.0,4.0
3.598688021291558,1.8271582029310844,1000.0,4.0
3.5836744754426384,2.293627280745167,1000.0,4.0
3.31803447191047,1.9178703314332601,1000.0,4.0
3.858624544079316,1.8667233536723036,1000.0,4.0
3.6891424157842057,1.8561006923155046,1000.0,4.0
3.2158078027909136,1.9810479592005996,1000.0,4.0
3.26508220014174,1.9868143957687028,1000.0,4.0
3.727091758356448,1.883306093178774,1000.0,4.0
3.671718858790769,2.061309716885488,1000.0,4.0
3.498095242802255,1.9769527725392098,1000.0,4.0
3.5610294078669162,1.8619557634996589,1000.0,4.0
3.3008824469379676,2.0572367965592617,1000.0,4.0
3.704486787159244,1.8655166973206612,1000.0,4.0
3.2818415923197586,2.0140788982009643,1000.0,4.0
3.4136142993873797,2.0732524644734807,1000.0,4.0
3.2758918264883685,1.9434444888236775,1000.0,4.0
3.305670225692953,1.8682319909802692,1000.0,4.0
3.3278936696562225,1.8228866316705092,1000.0,4.0
3.458952574929645,1.8594731419154833,1000.0,4.0
3.034608384859602,2.1677251988889683,1000.0,4.0
3.4199672156042613,1.831748108351313,1000.0,4.0
3.5064867693080335,1.8243058716028722,1000.0,4.0
3.324494497354962,1.9079147299886652,1000.0,4.0
3.4552104657171054,1.9386226330032874,1000.0,4.0
3.204732985962526,2.0282047433475148,1000.0,4.0
3.2466332327332275,1.7139490454082325,1000.0,4.0
3.5215127794480146,1.972617634412304,1000.0,4.0
3.122800415248554,1.8196115644025572,1000.0,4.0
3.465334657887647,1.981554059386024,1000.0,4.0
3.2980022028136324,1.994437490850139,1000.0,4.0
3.277392346721891,1.9367114486840489,1000.0,4.0
3.295767537134796,2.1571614976083873,1000.0,4.0
3.4066348475668016,2.024027126681483,1000.0,4.0
3.8665158740071375,2.10262484007857,1000.0,4.0
3.7411742732780726,1.86478916604603,1000.0,4.0
3.48252937230765,1.9311213244124732,1000.0,4.0
3.7870782374611434,1.948567639510814,1000.0,4.0
3.449226675148355,1.8103313538180377,1000.0,4.0
3.8388422405414846,1.9097144340956227,1000.0,4.0
3.621293854443857,2.084756906412328,1000.0,4.0
3.1999363311369695,1.9274000437561232,1000.0,4.0
3.448290108171432,1.9305273192829062,1000.0,4.0
2.9651902069077756,1.8854560827824305,1000.0,4.0
3.4966864260645525,1.9510690342801849,1000.0,4.0
3.607042510406835,1.9408447483354974,1000.0,4.0
3.2026962431655495,1.857555799948593,1000.0,4.0
2.942639596236788,1.8866916248100014,1000.0,4.0
3.438885321010459,1.8420567969615635,1000.0,4.0
3.1460085086641323,1.9468536846922877,1000.0,4.0
3.27837728931121,1.989313398441398,1000.0,4.0
3.473061194532193,1.8488706338256886,1000.0,4.0
3.6652615719249892,1.9235194316148818,1000.0,4.0
3.5134635538727275,1.801902252671527,1000.0,4.0
3.798442913726328,1.8602285841568584,1000.0,4.0
3.8082088611578464,1.8796490766378857,1000.0,4.0
2.946403927262044,1.9876141627734338,1000.0,4.0
3.343389368995984,2.172157060352347,1000.0,4.0
3.14954887244275,2.0289723195227602,1000.0,4.0
3.6298175747364727,1.9693457317121161,1000.0,4.0
3.450207482728939,1.7662349502056276,1000.0,4.0
3.958123196214535,1.9959921063140125,1000.0,4.0
3.3708566346148574,1.8800286478456028,1000.0,4.0
3.721045244765438,2.081599347943138,1000.0,4.0
3.95093775325728,1.79619173073202,1000.0,4.0
3.4868547718679355,1.8261345348608364,1000.0,4.0
3.5307569260696106,1.8604133751656984,1000.0,4.0
3.157648442590861,1.962032432262065,1000.0,4.0
3.72618766577497,2.197423258598986,1000.0,4.0
2.961583253314748,1.9327468885258674,1000.0,4.0
3.8215673777421344,1.9233188487556894,1000.0,4.0
3.2249849155232844,2.081744750644764,1000.0,4.0
3.6724122589396297,1.714936098615473,1000.0,4.0
3.601040968152206,1.929495074122211,1000.0,4.0
3.5658490107951404,1.7740373734862869,1000.0,4.0
3.40515247758104,1.7809248430539886,1000.0,4.0
3.183033419742456,2.0753524951010096,1000.0,4.0
3.631568162979736,1.8691257451809553,1000.0,4.0
3.493135676773005,1.9455242017727774,1000.0,4.0
3.6071451628402897,1.883766179216324,1000.0,4.0
3.497523719629511,2.165928233112047,1000.0,4.0
3.2831002801349607,2.182693389326131,1000.0,4.0
3.7701014968727944,1.9263047682033498,1000.0,4.0
3.255341365423768,1.8772398416692337,1000.0,4.0
3.8918463854716197,1.8867490905139612,1000.0,4.0
3.4958517771016036,1.9241005681640224,1000.0,4.0
3.2244971640843647,1.9134622602450528,1000.0,4.0
3.4636688974997405,1.8306624830609632,1000.0,4.0
3.5281720332108577,1.8263064211961726,1000.0,4.0
3.806568928102214,1.8851023682342678,1000.0,4.0
3.4740769572973536,1.9246906473236007,1000.0,4.0
3.6375304113654385,2.2253694360728824,1000.0,4.0
3.581008492703731,1.8315878647304287,1000.0,4.0
3.667218986500959,1.781977544213348,1000.0,4.0
3.8403509873747157,2.004413413926374,1000.0,4.0
2.7410564257912213,1.9129420639463808,1000.0,4.0
3.426484973023581,1.973490995460639,1000.0,4.0
3.202011936577215,1.951093488443929,1000.0,4.0
3.5831808040917275,2.1047339167183936,1000.0,4.0
3.5652904691688216,1.8454015686235319,1000.0,4.0
3.407330680799163,1.9326641190261644,1000.0,4.0
3.455209311295628,1.8409376504092372,1000.0,4.0
3.2172940561856107,1.8916141538347315,1000.0,4.0
3.582215911196444,1.874910480308333,1000.0,4.0
3.3834799805124676,1.9429415700937103,1000.0,4.0
3.57872049069102,1.7832287272805838,1000.0,4.0
3.599385380776865,1.9674265171789658,1000.0,4.0
3.126770249443315,1.9654315436989878,1000.0,4.0
3.5432274886830664,2.22537168176297,1000.0,4.0
3.5201538956908935,1.9645147943861583,1000.0,4.0
3.2804818773052764,2.0780098068799675,1000.0,4.0
3.5556102934431366,1.855602224799313,1000.0,4.0
3.4360398428678027,1.9118056550875522,1000.0,4.0
3.211672709156449,1.9983190151279924,1000.0,4.0
3.9371778246950355,1.907691809222976,1000.0,4.0
3.344764620717273,1.9281747713967556,1000.0,4.0
4.088945465382673,1.9075199986168863,1000.0,4.0
3.1964424619790566,1.8712413278581266,1000.0,4.0
3.649792920077297,1.970647082412442,1000.0,4.0
3.4582178211310026,1.8751358983299662,1000.0,4.0
3.422673046117762,1.7314730385854187,1000.0,4.0
3.378118089405848,1.870738998650795,1000.0,4.0
3.2396611234848063,2.0782287704084377,1000.0,4.0
3.516909731386258,2.0711701993627383,1000.0,4.0
3.4891967840499523,2.0221302091343167,1000.0,4.0
2.9537076750286295,1.9334712082420713,1000.0,4.0
3.397590045942026,1.7343980155597014,1000.0,4.0
3.938592405824645,1.8892507645323493,1000.0,4.0
3.6664519327734304,1.9293012942977545,1000.0,4.0
3.641302876534991,2.0835039393714028,1000.0,4.0
3.12809141384221,1.8955911387978404,1000.0,4.0
3.8241333624057416,1.9554371385931792,1000.0,4.0
3.4909149195203892,1.902315280332377,1000.0,4.0
3.428952016922233,1.8051216683716373,1000.0,4.0
3.000487843618366,1.8892629832126213,1000.0,4.0
3.444017441467889,1.8497067588255172,1000.0,4.0
3.704672520703765,1.8298226229824233,1000.0,4.0
3.216471293989459,1.8959184967145173,1000.0,4.0
3.7922878512426395,1.8192411560918802,1000.0,4.0
3.139852591110865,1.970711333736751,1000.0,4.0
3.310515987776795,2.0550462703432752,1000.0,4.0
3.45790207920364,1.9766240816736038,1000.0,4.0
3.043206309218639,2.0375402908650964,1000.0,4.0
3.425660630683552,1.8359982622685376,1000.0,4.0
3.4106218663447367,1.9291636101910867,1000.0,4.0
2.882879048556969,1.9251882386137515,1000.0,4.0
3.0775742906126236,1.8672301826659488,1000.0,4.0
3.5541253504608346,1.967119276810276,1000.0,4.0
3.6351743377799592,2.018966589322968,1000.0,4.0
3.1305843615078075,1.8436347624058766,1000.0,4.0
3.1170621053377863,2.0057524241805553,1000.0,4.0
3.534229370019328,1.837866069084771,1000.0,4.0
3.321610811344153,1.8808147031529048,1000.0,4.0
2.9769213360234104,1.9078045031641588,1000.0,4.0
3.555296099823655,1.907225611696575,1000.0,4.0
3.5241703933106705,1.8387929568862655,1000.0,4.0
3.560566177398444,2.0990311891513023,1000.0,4.0
3.2014243345473807,1.7804682884939376,1000.0,4.0
3.814403274691005,1.777938173570286,1000.0,4.0
3.7122378651498495,1.8482152813166988,1000.0,4.0
4.024828512072274,1.827677455547721,1000.0,4.0
3.24587743870099,2.0052056056184018,1000.0,4.0
3.1094962485247195,2.0660752006571026,1000.0,4.0
3.4718744404311486,1.835830226602722,1000.0,4.0
3.681420812081234,1.9306827598742522,1000.0,4.0
3.1968632830757215,2.024722682959081,1000.0,4.0
3.408673173820649,1.905942070753266,1000.0,4.0
3.1133784096500547,1.7456645051828523,1000.0,4.0
3.5146527612632044,1.8414661798342102,1000.0,4.0
3.3722105942561234,1.8354213731104074,1000.0,4.0
3.8411733806808854,2.0601487447202578,1000.0,4.0
3.315162096802982,1.9323022108122585,1000.0,4.0
3.449423242821661,1.7348315843496735,1000.0,4.0
3.439636096574623,1.8934653081443502,1000.0,4.0
3.783509916218635,1.7880038888939942,1000.0,4.0
3.3674333233340583,1.8322998975102047,1000.0,4.0
3.680859456906715,1.9450287718433923,1000.0,4.0
3.8266924108883242,2.134004661847017,1000.0,4.0
3.5228463581241884,1.7947925730610563,1000.0,4.0
3.5662772027166993,1.8548496160866497,1000.0,4.0
4.366030447717415,1.9331152198133497,1000.0,4.0
3.467383461963811,1.9729817001575503,1000.0,4.0
3.276751297948104,1.9020938718152882,1000.0,4.0
3.247194784822316,1.9998680028228508,1000.0,4.0
3.6141544384861266,1.947024086875154,1000.0,4.0
3.6733113823310117,1.8308065734625067,1000.0,4.0
3.417701651179162,1.9732072484029348,1000.0,4.0
3.146608411950419,1.9444289409581699,1000.0,4.0
3.422845337466645,2.1782052671704744,1000.0,4.0
3.1968662735163766,1.8575485095528148,1000.0,4.0
3.546917968237002,1.9721631920863238,1000.0,4.0
3.0603244248500205,1.8709351012693058,1000.0,4.0
3.7232261138287552,1.8434957110457002,1000.0,4.0
3.564609780115391,2.003763752760806,1000.0,4.0
3.5574467970656887,1.9028784732830193,1000.0,4.0
3.832647114753677,1.8399960638676605,1000.0,4.0
3.7060929731929084,1.9560060822821488,1000.0,4.0
3.624300777254643,2.0653370793218797,1000.0,4.0
3.5688432655230593,1.8076519356353906,1000.0,4.0
3.3184615677098215,2.0310671473355013,1000.0,4.0
3.4780383671801416,1.8433529273911244,1000.0,4.0
2.988758223478221,2.029394107603537,1000.0,4.0
3.3099723707030853,1.7931805465589434,1000.0,4.0
3.4656699779255007,1.7664094518856217,1000.0,4.0
3.4053633588329437,2.0929387992107786,1000.0,4.0
3.3084225439648876,2.002948885009131,1000.0,4.0
3.5182202007933228,1.8925957843915069,1000.0,4.0
3.1460058536867668,2.0004314250607393,1000.0,4.0
3.507214946655794,2.0066047453087625,1000.0,4.0
3.368166797427097,1.934997784835682,1000.0,4.0
3.568764622788219,1.8474203462010645,1000.0,4.0
3.304514379443948,1.88765320442745,1000.0,4.0
3.90107484838918,1.989565739642535,1000.0,4.0
3.5596274647299375,1.770037123011647,1000.0,4.0
3.3506391250454297,1.8351912194023943,1000.0,4.0
3.36388502121769,1.8787880659086524,1000.0,4.0
3.392985213648835,1.8332970495898275,1000.0,4.0
3.907153623055691,1.9502657126498153,1000.0,4.0
3.0844749313428217,1.858778435760791,1000.0,4.0
3.077021691701768,1.8658614443936912,1000.0,4.0
4.0591084173072485,1.7036977044765635,1000.0,4.0
3.5289162723708576,1.837518840210773,1000.0,4.0
3.4763523344530127,2.117674416564521,1000.0,4.0
3.4184245450940023,1.8601406753217649,1000.0,4.0
3.3560462574754983,1.831240851168577,1000.0,4.0
3.840176148576727,1.8326050099295088,1000.0,4.0
3.603431650583713,2.0728174879883006,1000.0,4.0
3.54786514926097,1.8703494406638366,1000.0,4.0
4.096112129860336,1.9829351401226607,1000.0,4.0
3.6666305729167807,1.8419073472423608,1000.0,4.0
3.4851968957376473,1.687460227178485,1000.0,4.0
3.2451861331849163,2.0861670001972468,1000.0,4.0
3.356232054392014,2.177437328600814,1000.0,4.0
3.2849329829587837,1.9151677987401883,1000.0,4.0
3.6741784820048258,2.128786360123044,1000.0,4.0
3.048522960281137,2.08135805231418,1000.0,4.0
2.6800508775811336,1.9967039118170202,1000.0,4.0
3.318744971062858,2.092057493373354,1000.0,4.0
3.6212031910439304,1.9421859636041965,1000.0,4.0
3.6008704904693327,1.8383443363048677,1000.0,4.0
3.6053965200231977,1.856334998617509,1000.0,4.0
3.364899227823081,1.8371188925632294,1000.0,4.0
3.610677346342486,1.6266328406867097,1000.0,4.0
3.2713894124882654,1.8137341984994801,1000.0,4.0
3.337006440323055,2.0539583901726024,1000.0,4.0
3.3574335460850517,1.7590744144295438,1000.0,4.0
3.213560985265131,2.0673464598615854,1000.0,4.0
3.7652024904807484,2.0218572455737833,1000.0,4.0
3.0018515256035085,1.7633841363142557,1000.0,4.0
3.2838153364289964,1.9368433750431386,1000.0,4.0
3.0492543314168254,1.6132696612496529,1000.0,4.0
3.8956204624181736,1.959568456427521,1000.0,4.0
3.4497085705576382,1.9093916289055213,1000.0,4.0
3.1176165028774094,1.784994951641481,1000.0,4.0
3.5085671275239245,1.7634638183964246,1000.0,4.0
3.2886392579207477,1.9516529516560224,1000.0,4.0
3.239048978859312,1.9662015304619531,1000.0,4.0
3.3962656946370737,1.82666039664583,1000.0,4.0
2.963055458228273,1.9470251426229988,1000.0,4.0
3.3996459347746804,1.856806703292547,1000.0,4.0
3.667946621304081,1.9619751174869133,1000.0,4.0
3.7120618417191564,2.153171271895366,1000.0,4.0
3.3396797550029484,2.0069206138696982,1000.0,4.0
3.171393872235294,1.7572341530502853,1000.0,4.0
3.180973336643081,1.9321235989046486,1000.0,4.0
3.210423730011878,1.8607570596841558,1000.0,4.0
3.289403969067972,2.2459890196754357,1000.0,4.0
3.446139412709728,2.016585686608276,1000.0,4.0
3.5950685428540936,1.8608640917562538,1000.0,4.0
3.7559091235295634,1.9225439107038378,1000.0,4.0
3.3886420618915687,1.9126129175004651,1000.0,4.0
3.3696592455305687,1.7945463436244806,1000.0,4.0
3.357230119125058,1.889264188319118,1000.0,4.0
3.004109260237202,1.82903911116504,1000.0,4.0
3.3292076360871405,1.9297951044881358,1000.0,4.0
3.3876847492356217,1.8601190220253223,1000.0,4.0
3.415318897650612,1.8789229173881672,1000.0,4.0
3.2674319230088775,1.8664914178366758,1000.0,4.0
3.402457509222344,1.7783300539008642,1000.0,4.0
2.9701147524824467,1.976515033254464,1000.0,4.0
3.46063788902813,1.8348474909146826,1000.0,4.0
3.6110010120017586,2.0165744431052097,1000.0,4.0
3.6252579645716616,1.859172730451728,1000.0,4.0
3.7064760508548362,1.8595985062407718,1000.0,4.0
3.7503740526673135,2.0164956444241935,1000.0,4.0
3.5091171532650973,1.9484568562739097,1000.0,4.0
3.3483136993554243,1.8478588396197433,1000.0,4.0
2.999231906326884,1.8267227303085714,1000.0,4.0
3.4976951088245762,1.8430740408085668,1000.0,4.0
3.715057922641671,2.1351645714111642,1000.0,4.0
3.3505292085666634,1.8865922727607651,1000.0,4.0
3.5085236805727553,2.0896777010860808,1000.0,4.0
3.2936701221592264,1.8558689569612379,1000.0,4.0
3.247647354599677,1.8626789328219004,1000.0,4.0
2.998979405380396,1.8694683915548527,1000.0,4.0
3.3486919230057826,2.1228467508298867,1000.0,4.0
3.2945227710975855,1.8434535805790953,1000.0,4.0
3.061126960825296,1.8926452900680593,1000.0,4.0
3.1168201952450043,1.7595345616838967,1000.0,4.0
3.308125031502734,2.082810936518127,1000.0,4.0
3.1870784547168833,1.794575008091839,1000.0,4.0
3.446142498460411,1.8130765301952592,1000.0,4.0
3.657553816057924,1.878979410520415,1000.0,4.0
3.496467493376088,2.0249305928357875,1000.0,4.0
3.4727004198628246,2.01992996501228,1000.0,4.0
3.4692826693336847,1.9310113188591915,1000.0,4.0
3.268186385492402,1.7505103399563324,1000.0,4.0
3.4386518581103314,1.7967110967634319,1000.0,4.0
