temp,L,p
0.13864756406827566,1000.0,0.4
-0.14655316842051455,1000.0,0.4
-0.038795917814067084,1000.0,0.4
0.264824253476047,1000.0,0.4
0.021539254499048067,1000.0,0.4
-0.12665909220964078,1000.0,0.4
0.14299743593350112,1000.0,0.4
-0.012968234060151976,1000.0,0.4
0.06619061177799732,1000.0,0.4
-0.05361407205510003,1000.0,0.4
-0.15743090496498335,1000.0,0.4
0.0011772966786397835,1000.0,0.4
-0.13966093349658174,1000.0,0.4
-0.004932915923760672,1000.0,0.4
-0.06363275969909234,1000.0,0.4
-0.06862932031171094,1000.0,0.4
0.14911423086126943,1000.0,0.4
0.11837798771953457,1000.0,0.4
-0.29786904871103825,1000.0,0.4
0.11134983001094505,1000.0,0.4
0.005104296034628956,1000.0,0.4
0.016450350809396868,1000.0,0.4
-0.013700371554391202,1000.0,0.4
-0.07726648977678953,1000.0,0.4
-0.01743909206695684,1000.0,0.4
0.01578033008708149,1000.0,0.4
-0.10002103176440197,1000.0,0.4
0.03252460668505833,1000.0,0.4
0.049814198714336066,1000.0,0.4
0.21823100850925017,1000.0,0.4
0.11447937168460556,1000.0,0.4
0.22630356128620743,1000.0,0.4
-0.040296936651409335,1000.0,0.4
0.17851784411575689,1000.0,0.4
0.04223035150183179,1000.0,0.4
-0.03867378104717232,1000.0,0.4
-0.16313026045753976,1000.0,0.4
-0.05421258492669906,1000.0,0.4
-0.08351608263043019,1000.0,0.4
-0.003168182906870244,1000.0,0.4
-0.02471553353496853,1000.0,0.4
-0.07977950825130116,1000.0,0.4
0.015070510048052196,1000.0,0.4
-0.13696304726347208,1000.0,0.4
0.008874321517935671,1000.0,0.4
0.27616897019114695,1000.0,0.4
0.035531369325971084,1000.0,0.4
0.03888496350081428,1000.0,0.4
-0.028412046162230194,1000.0,0.4
-0.1258128706584285,1000.0,0.4
-0.21455220287808724,1000.0,0.4
0.050170515136377596,1000.0,0.4
-0.0007045828124565135,1000.0,0.4
-0.08506783113424521,1000.0,0.4
0.024302823229365233,1000.0,0.4
-0.25238765196359936,1000.0,0.4
0.02344811941975154,1000.0,0.4
-0.08214227141913436,1000.0,0.4
0.1534801319828421,1000.0,0.4
0.011960436047091856,1000.0,0.4
0.001750858927688075,1000.0,0.4
0.19546445418036004,1000.0,0.4
0.1483428730423024,1000.0,0.4
0.05663382979329801,1000.0,0.4
0.1231636742337005,1000.0,0.4
0.1105904400238548,1000.0,0.4
-0.19398721352486453,1000.0,0.4
-0.07914757916628443,1000.0,0.4
0.13859377271926196,1000.0,0.4
-0.140390460705339,1000.0,0.4
-0.1976561379711649,1000.0,0.4
0.26711358205701463,1000.0,0.4
-0.16545721780912798,1000.0,0.4
-0.1196218392296511,1000.0,0.4
0.12501961337294162,1000.0,0.4
0.17902343536393778,1000.0,0.4
-0.08860425167554309,1000.0,0.4
-0.08850984346280041,1000.0,0.4
0.006074057965138964,1000.0,0.4
0.14703369623759482,1000.0,0.4
0.12409355725810789,1000.0,0.4
0.1613976322811834,1000.0,0.4
0.1174270703811134,1000.0,0.4
-0.12492184835984348,1000.0,0.4
0.02722728407262091,1000.0,0.4
-0.10556392955485919,1000.0,0.4
0.08065367398784268,1000.0,0.4
0.08195448145370013,1000.0,0.4
0.01167263259781918,1000.0,0.4
0.1375851389580537,1000.0,0.4
-0.20212887311253255,1000.0,0.4
0.07853822103131891,1000.0,0.4
0.027002753259173926,1000.0,0.4
0.032255681587402135,1000.0,0.4
-0.057173295502264694,1000.0,0.4
-0.10911288407018051,1000.0,0.4
0.23516568143990815,1000.0,0.4
-0.011174237200005148,1000.0,0.4
-0.06932088453216671,1000.0,0.4
-0.13770705933925034,1000.0,0.4
0.111050544400037,1000.0,0.4
-0.022070302458933634,1000.0,0.4
0.29486862718312296,1000.0,0.4
-0.1968687537082728,1000.0,0.4
-0.13017541016077003,1000.0,0.4
-0.07799842017518727,1000.0,0.4
0.06764629001464405,1000.0,0.4
0.04469037944108021,1000.0,0.4
-0.05473778801145606,1000.0,0.4
-0.11870830013278547,1000.0,0.4
0.011658436670346361,1000.0,0.4
-0.06278055331346577,1000.0,0.4
0.3059340932881497,1000.0,0.4
0.18896481546562788,1000.0,0.4
-0.15451357121716502,1000.0,0.4
-0.09320756582357398,1000.0,0.4
-0.11294062150789967,1000.0,0.4
0.1399693189321392,1000.0,0.4
-0.03299801191452062,1000.0,0.4
0.09072199551919549,1000.0,0.4
-0.04637749430519676,1000.0,0.4
-0.01030360390391033,1000.0,0.4
0.06469257780575043,1000.0,0.4
0.10717790245466251,1000.0,0.4
0.18699243035000018,1000.0,0.4
0.2896689155845654,1000.0,0.4
0.0032128044932372033,1000.0,0.4
-0.0526220663631025,1000.0,0.4
-0.16250727321695244,1000.0,0.4
-0.014514399274992245,1000.0,0.4
-0.002470972786632013,1000.0,0.4
0.1892656285559994,1000.0,0.4
0.02686286984344889,1000.0,0.4
0.05382546269002879,1000.0,0.4
0.07536005752442274,1000.0,0.4
-0.06378008993640176,1000.0,0.4
0.08276193887725276,1000.0,0.4
-0.07157386462462782,1000.0,0.4
-0.07415435104260414,1000.0,0.4
0.04519757773735676,1000.0,0.4
0.02371277495584833,1000.0,0.4
0.06452534607928523,1000.0,0.4
-0.027404191071000224,1000.0,0.4
0.09252730699774937,1000.0,0.4
0.025266072323850215,1000.0,0.4
-0.02322139722758562,1000.0,0.4
-0.00891695907270998,1000.0,0.4
0.07868196754552784,1000.0,0.4
0.07107151443749767,1000.0,0.4
-0.21101697394608487,1000.0,0.4
0.10367306644865823,1000.0,0.4
0.023313938068753752,1000.0,0.4
0.10126149063223767,1000.0,0.4
0.010210747649574614,1000.0,0.4
-0.13149347586996105,1000.0,0.4
0.10800763019322714,1000.0,0.4
-0.02855112159769824,1000.0,0.4
-0.1722672376168912,1000.0,0.4
0.16629295194610996,1000.0,0.4
-0.03877393744127716,1000.0,0.4
-0.18121871118757232,1000.0,0.4
-0.04104214804901755,1000.0,0.4
0.23506794735924655,1000.0,0.4
0.026331020563279683,1000.0,0.4
-0.038286687123370085,1000.0,0.4
0.10782401572763153,1000.0,0.4
-0.14907403717815607,1000.0,0.4
-0.057547731751307854,1000.0,0.4
-0.1746568612567966,1000.0,0.4
-0.047624329279841573,1000.0,0.4
-0.06440234226513605,1000.0,0.4
0.20552284695471199,1000.0,0.4
0.023358028124172824,1000.0,0.4
0.146451612401528,1000.0,0.4
0.1299406600710515,1000.0,0.4
0.026176641367635714,1000.0,0.4
-0.10305860296220327,1000.0,0.4
-0.01994816034337489,1000.0,0.4
0.10007787519410742,1000.0,0.4
0.006872536064942351,1000.0,0.4
0.08527631612955668,1000.0,0.4
0.21447699447209448,1000.0,0.4
-0.02012372773185216,1000.0,0.4
-0.04108280970479142,1000.0,0.4
0.03333374288185471,1000.0,0.4
-0.18268017535845457,1000.0,0.4
0.16175587758213247,1000.0,0.4
0.04394195245809654,1000.0,0.4
-0.1513408001980606,1000.0,0.4
-0.056284561840658484,1000.0,0.4
-0.1270324910263765,1000.0,0.4
-0.023510671006840723,1000.0,0.4
0.32011248189477637,1000.0,0.4
-0.02662220317354869,1000.0,0.4
0.06929775139386628,1000.0,0.4
-0.22222276408874825,1000.0,0.4
-0.01874456396549377,1000.0,0.4
-0.07251836942594664,1000.0,0.4
0.005588098272520316,1000.0,0.4
0.01906103653480893,1000.0,0.4
0.13107105615332662,1000.0,0.4
-0.0373522381523372,1000.0,0.4
0.2121502888674376,1000.0,0.4
-0.01750531081921019,1000.0,0.4
0.047284793333241315,1000.0,0.4
-0.04912285277617047,1000.0,0.4
-0.05766486748520418,1000.0,0.4
-0.15967380316883675,1000.0,0.4
0.11406395512311061,1000.0,0.4
0.06436311513883332,1000.0,0.4
-0.11509844503608847,1000.0,0.4
0.038887148894654264,1000.0,0.4
-0.058309600166192674,1000.0,0.4
0.011003459751195698,1000.0,0.4
0.12813624863750445,1000.0,0.4
0.0012916674007535387,1000.0,0.4
-0.01677000488078629,1000.0,0.4
0.01700287414296923,1000.0,0.4
-0.030836203098027853,1000.0,0.4
0.19301509084338095,1000.0,0.4
-0.1262655499977495,1000.0,0.4
0.0455105497137787,1000.0,0.4
0.327078420185266,1000.0,0.4
0.19673723723219258,1000.0,0.4
0.003301328998249434,1000.0,0.4
-0.06740121144692689,1000.0,0.4
0.03759243007981688,1000.0,0.4
0.17451854272844664,1000.0,0.4
-0.11024566465028354,1000.0,0.4
-0.0813531312787256,1000.0,0.4
0.11414110503309213,1000.0,0.4
0.05022578228445739,1000.0,0.4
0.1817352363266276,1000.0,0.4
0.11293084801917497,1000.0,0.4
-0.13661221197973755,1000.0,0.4
-0.10931038671194492,1000.0,0.4
0.2772190850887022,1000.0,0.4
-0.14060517518498875,1000.0,0.4
0.11990808903937919,1000.0,0.4
-0.02706169053517399,1000.0,0.4
0.08784053110522347,1000.0,0.4
0.06510218030592504,1000.0,0.4
-0.23281835897278227,1000.0,0.4
-0.03967159857918425,1000.0,0.4
0.2849597105956976,1000.0,0.4
-0.2031963027132161,1000.0,0.4
-0.02668802499876786,1000.0,0.4
0.2838568961100223,1000.0,0.4
-0.12266493023936688,1000.0,0.4
0.040375930143518764,1000.0,0.4
0.004220141895363188,1000.0,0.4
-0.010793839965792787,1000.0,0.4
-0.02082839329038564,1000.0,0.4
-0.07556018074482834,1000.0,0.4
0.06619336507585702,1000.0,0.4
-0.12168403355813655,1000.0,0.4
-0.16781671849080693,1000.0,0.4
-0.04023416737806896,1000.0,0.4
-0.06498840304803269,1000.0,0.4
-0.16933004719346503,1000.0,0.4
0.33010839129804637,1000.0,0.4
-0.02072985134860953,1000.0,0.4
0.151350504785162,1000.0,0.4
-0.1638347078674279,1000.0,0.4
-0.20189894545812978,1000.0,0.4
-0.08375235921593431,1000.0,0.4
0.1077994208258161,1000.0,0.4
0.04272419996183925,1000.0,0.4
-0.19242475364125503,1000.0,0.4
-0.054163080122788164,1000.0,0.4
-0.14682827067309032,1000.0,0.4
-0.10229774426983855,1000.0,0.4
-0.03377840980142208,1000.0,0.4
0.06685278509765849,1000.0,0.4
-0.006459110957706954,1000.0,0.4
-0.15756530866970583,1000.0,0.4
0.05101704165850635,1000.0,0.4
0.0023766180529888547,1000.0,0.4
-0.030287059095258115,1000.0,0.4
-0.15852712973354915,1000.0,0.4
-0.23024009890372563,1000.0,0.4
-0.009626001575966252,1000.0,0.4
-0.06695607128311105,1000.0,0.4
-0.12493132552937816,1000.0,0.4
-0.11083217217538048,1000.0,0.4
0.1836697477684523,1000.0,0.4
-0.031189661001939352,1000.0,0.4
-0.057450311024919695,1000.0,0.4
0.01525992544699733,1000.0,0.4
0.09539304267514652,1000.0,0.4
0.027350586758472423,1000.0,0.4
0.036454739412635113,1000.0,0.4
-0.1343374906120755,1000.0,0.4
-0.03107217307133949,1000.0,0.4
0.14543077681073413,1000.0,0.4
-0.08772290786606234,1000.0,0.4
0.09402349924214902,1000.0,0.4
-0.07939344463309897,1000.0,0.4
-0.14134197533275336,1000.0,0.4
-0.0032387917336319824,1000.0,0.4
0.20748622279215817,1000.0,0.4
-0.1775106758995169,1000.0,0.4
0.034590683410240707,1000.0,0.4
0.0005460717621906543,1000.0,0.4
-0.05048181887587109,1000.0,0.4
0.15128249648933534,1000.0,0.4
0.02280863229839349,1000.0,0.4
-0.08682991911169596,1000.0,0.4
0.08372228099124666,1000.0,0.4
-0.07744293955083434,1000.0,0.4
-0.033909358051934256,1000.0,0.4
0.03991435496006772,1000.0,0.4
0.3375236368156894,1000.0,0.4
-0.07957327868143868,1000.0,0.4
-0.18319042715676664,1000.0,0.4
0.14374718710872333,1000.0,0.4
-0.1800718038871427,1000.0,0.4
0.08748409022306115,1000.0,0.4
-0.25943940330783216,1000.0,0.4
-0.051229763214596984,1000.0,0.4
-0.09143824508289128,1000.0,0.4
0.218953960236431,1000.0,0.4
0.031373282791308015,1000.0,0.4
0.019411778216884598,1000.0,0.4
-0.05083400546549371,1000.0,0.4
0.047735391996179516,1000.0,0.4
0.05573660768492784,1000.0,0.4
0.13617769641758115,1000.0,0.4
0.21004401940619463,1000.0,0.4
0.007967334621005783,1000.0,0.4
-0.1496101687175246,1000.0,0.4
0.0729003437136406,1000.0,0.4
0.057075032885297874,1000.0,0.4
0.039142851227077065,1000.0,0.4
-0.02703125975866834,1000.0,0.4
0.1764043275027673,1000.0,0.4
0.12367054921293506,1000.0,0.4
0.05189783342866999,1000.0,0.4
-0.049662803793347775,1000.0,0.4
0.020840877469019702,1000.0,0.4
0.055331780594844164,1000.0,0.4
0.07230849827016105,1000.0,0.4
-0.19548399885156667,1000.0,0.4
-0.023262505357683844,1000.0,0.4
-0.02399753982013708,1000.0,0.4
-0.07087928711750191,1000.0,0.4
-0.04081961039189641,1000.0,0.4
0.16432265249727074,1000.0,0.4
0.011972320229547978,1000.0,0.4
-0.013012657600640031,1000.0,0.4
0.07553066173037899,1000.0,0.4
-0.2545539052410521,1000.0,0.4
-0.014050425448357646,1000.0,0.4
-0.1275512004768268,1000.0,0.4
-0.19745102499851558,1000.0,0.4
0.07183838236457413,1000.0,0.4
-0.15699521827597943,1000.0,0.4
-0.08218642146012117,1000.0,0.4
0.03943267070114036,1000.0,0.4
-0.11463988347418293,1000.0,0.4
0.1132358394092703,1000.0,0.4
0.32059859573095684,1000.0,0.4
-0.01678352634366173,1000.0,0.4
0.07514554340043508,1000.0,0.4
-0.18030452249558399,1000.0,0.4
0.05393497030556768,1000.0,0.4
-0.10184473431520696,1000.0,0.4
0.16961503789663399,1000.0,0.4
0.03353422916579994,1000.0,0.4
0.1370464086127771,1000.0,0.4
0.06514327701556982,1000.0,0.4
-0.042336315428436265,1000.0,0.4
-0.150555524371716,1000.0,0.4
-0.1753532215378463,1000.0,0.4
-0.04939424970484829,1000.0,0.4
-0.06210257657283936,1000.0,0.4
0.009123274159932691,1000.0,0.4
0.02156065882765684,1000.0,0.4
-0.12946354455070372,1000.0,0.4
-0.16427493906905702,1000.0,0.4
0.12030381871887671,1000.0,0.4
0.1291300427591588,1000.0,0.4
0.14957989970708677,1000.0,0.4
-0.07098576068360703,1000.0,0.4
0.0332543204512265,1000.0,0.4
-0.07325950727097903,1000.0,0.4
-0.12143999493897348,1000.0,0.4
0.03475407947852337,1000.0,0.4
0.3607934490040274,1000.0,0.4
0.1830240670376507,1000.0,0.4
-0.059675358917110705,1000.0,0.4
0.004397670368993781,1000.0,0.4
0.057112779516635404,1000.0,0.4
0.10860903679775533,1000.0,0.4
-0.18550675138477118,1000.0,0.4
0.10476002536683349,1000.0,0.4
-0.15102813471916315,1000.0,0.4
0.06780858490332001,1000.0,0.4
0.01640391619733026,1000.0,0.4
-0.19220010191235878,1000.0,0.4
-0.04657613231363759,1000.0,0.4
0.03595080826612106,1000.0,0.4
-0.11910220573774948,1000.0,0.4
-0.06976692929592188,1000.0,0.4
-0.03809201107213339,1000.0,0.4
-0.060304351673883136,1000.0,0.4
-0.11558025868435379,1000.0,0.4
0.03490024762164678,1000.0,0.4
-0.004089558267548017,1000.0,0.4
-0.006007730702075878,1000.0,0.4
0.026618295488077384,1000.0,0.4
-0.158810106169423,1000.0,0.4
-0.005078544948185706,1000.0,0.4
-0.0039372915752975395,1000.0,0.4
0.020082537910172664,1000.0,0.4
0.07153721434935548,1000.0,0.4
0.07386790838986967,1000.0,0.4
-0.11695592729580424,1000.0,0.4
0.20464025880015912,1000.0,0.4
-0.12357742815524456,1000.0,0.4
-0.07001057625272872,1000.0,0.4
-0.006030361021381434,1000.0,0.4
-0.0069302057461609326,1000.0,0.4
0.12891190318291168,1000.0,0.4
0.00179087274036481,1000.0,0.4
0.050882399237032,1000.0,0.4
0.13942138134080767,1000.0,0.4
0.26444718303359094,1000.0,0.4
0.0712643470257051,1000.0,0.4
0.2427472946917495,1000.0,0.4
-0.11813840636753721,1000.0,0.4
-0.058611358607967505,1000.0,0.4
0.11298179341902213,1000.0,0.4
0.054644395446374734,1000.0,0.4
0.014523882898636873,1000.0,0.4
-0.24517866486140802,1000.0,0.4
0.1294988220091921,1000.0,0.4
0.031224818396166584,1000.0,0.4
0.28089081946974437,1000.0,0.4
-0.05960477369981846,1000.0,0.4
0.05659307215957774,1000.0,0.4
0.07205616157633335,1000.0,0.4
0.19691906330004588,1000.0,0.4
-0.004102929830193773,1000.0,0.4
-0.03937450153930085,1000.0,0.4
-0.11773863959742933,1000.0,0.4
0.3063026114544859,1000.0,0.4
0.09372816772015027,1000.0,0.4
-0.017911004199875017,1000.0,0.4
-0.049998537886502194,1000.0,0.4
-0.08745550912123246,1000.0,0.4
-0.0117552317616191,1000.0,0.4
0.033416575228072426,1000.0,0.4
0.03241114471082568,1000.0,0.4
0.025723707223140272,1000.0,0.4
-0.048460898404158986,1000.0,0.4
-0.006519014246540057,1000.0,0.4
0.09260812315617743,1000.0,0.4
-0.12264660728541368,1000.0,0.4
0.11051336113824466,1000.0,0.4
0.1408992673305429,1000.0,0.4
0.04713603371018845,1000.0,0.4
0.17585916062206344,1000.0,0.4
0.13024141984532409,1000.0,0.4
-0.06749341054305415,1000.0,0.4
0.049463237991040736,1000.0,0.4
-0.017210675563403107,1000.0,0.4
-0.07490460075474756,1000.0,0.4
0.03645494295463614,1000.0,0.4
0.01182060938515742,1000.0,0.4
-0.22902264138698766,1000.0,0.4
0.057933452560216626,1000.0,0.4
0.014565269672829374,1000.0,0.4
0.02677714919397983,1000.0,0.4
0.27085702679626233,1000.0,0.4
0.016964999747767794,1000.0,0.4
0.256555361625357,1000.0,0.4
-0.16830680779274587,1000.0,0.4
-0.09628139727405374,1000.0,0.4
0.08902851572522659,1000.0,0.4
0.019844474894534857,1000.0,0.4
-0.1199532644971276,1000.0,0.4
0.004611694767470159,1000.0,0.4
-0.0289069277670675,1000.0,0.4
0.11620140881379296,1000.0,0.4
-0.024312267979295137,1000.0,0.4
-0.09584246406310393,1000.0,0.4
-0.0201693801540838,1000.0,0.4
0.07458807008672486,1000.0,0.4
0.013623630644641341,1000.0,0.4
0.026982580776722696,1000.0,0.4
0.01287806103413605,1000.0,0.4
-0.07724165621704361,1000.0,0.4
-0.14369975745293037,1000.0,0.4
0.09820173493725783,1000.0,0.4
-0.1258227851016702,1000.0,0.4
-0.08683830686991136,1000.0,0.4
0.048312143794718425,1000.0,0.4
-0.04360359118302335,1000.0,0.4
-0.027087431643943123,1000.0,0.4
-0.0546346095726438,1000.0,0.4
0.016329390223858344,1000.0,0.4
0.021159725828911617,1000.0,0.4
-0.17299439570113903,1000.0,0.4
-0.13384944727687834,1000.0,0.4
0.2611854797435255,1000.0,0.4
0.16957413999425514,1000.0,0.4
-0.024335847859899375,1000.0,0.4
-0.14562350125966345,1000.0,0.4
-0.00374747635701562,1000.0,0.4
-0.15841991318022475,1000.0,0.4
-0.24400587986708577,1000.0,0.4
0.03439393027104703,1000.0,0.4
-0.07154677356366532,1000.0,0.4
-0.16487536225636137,1000.0,0.4
-0.07764553172716676,1000.0,0.4
0.024804248129301047,1000.0,0.4
0.0030176645841330264,1000.0,0.4
0.30131934466775995,1000.0,0.4
-0.04057461867004402,1000.0,0.4
0.16787203165551046,1000.0,0.4
-0.285519786763422,1000.0,0.4
0.030118053191447208,1000.0,0.4
0.04436310758359111,1000.0,0.4
-0.10539835181123446,1000.0,0.4
-0.014688704878976477,1000.0,0.4
0.20724563402438698,1000.0,0.4
0.14692138877758226,1000.0,0.4
0.04880882400286632,1000.0,0.4
0.06628830800654359,1000.0,0.4
0.05752633367676969,1000.0,0.4
0.10566783074242593,1000.0,0.4
-0.15827711317258125,1000.0,0.4
0.013892080848404108,1000.0,0.4
-0.18704488963984106,1000.0,0.4
0.04351238398856453,1000.0,0.4
-0.162231381360081,1000.0,0.4
0.13588993898487683,1000.0,0.4
-0.032664430463074726,1000.0,0.4
0.0353150923806178,1000.0,0.4
-0.11027565227782575,1000.0,0.4
0.08227440719639133,1000.0,0.4
0.08882080525948215,1000.0,0.4
0.063149077847484,1000.0,0.4
0.09443495315082039,1000.0,0.4
-0.1712681613098693,1000.0,0.4
0.2649374034207004,1000.0,0.4
-0.0286565259715121,1000.0,0.4
0.08647237019770825,1000.0,0.4
-0.06239391151753681,1000.0,0.4
-0.02193199480707471,1000.0,0.4
0.039496294607059286,1000.0,0.4
0.057174577509566386,1000.0,0.4
0.11787722653150799,1000.0,0.4
0.035085379870024185,1000.0,0.4
-0.11943953695694344,1000.0,0.4
-0.10210170402938676,1000.0,0.4
0.03597490510608369,1000.0,0.4
-0.09566353896177497,1000.0,0.4
0.19195128123405297,1000.0,0.4
0.048231893082584666,1000.0,0.4
0.08575305465963319,1000.0,0.4
-0.13402203843764907,1000.0,0.4
-0.26756477920924715,1000.0,0.4
-0.11618334557395839,1000.0,0.4
0.09794267992576992,1000.0,0.4
0.2274736210815575,1000.0,0.4
-0.2076782049163295,1000.0,0.4
0.13675416579687455,1000.0,0.4
-0.06615776935444508,1000.0,0.4
-0.09060954585945533,1000.0,0.4
0.0977467050390849,1000.0,0.4
-0.07750584597248374,1000.0,0.4
-0.07723182649237012,1000.0,0.4
-0.10108467209142138,1000.0,0.4
0.020448783127518393,1000.0,0.4
-0.17558202337493953,1000.0,0.4
0.10300630702219855,1000.0,0.4
-0.03935026108862164,1000.0,0.4
0.12377245012211532,1000.0,0.4
0.14728115179471463,1000.0,0.4
-0.10743242402290898,1000.0,0.4
0.05168725312690466,1000.0,0.4
0.06386006238253257,1000.0,0.4
0.05857835030497129,1000.0,0.4
0.15523382613540337,1000.0,0.4
0.08463874367050032,1000.0,0.4
0.06809750518554214,1000.0,0.4
-0.037618212190629004,1000.0,0.4
0.011507479249357739,1000.0,0.4
0.06626727797035255,1000.0,0.4
-0.23989954249696097,1000.0,0.4
-0.044632292458387124,1000.0,0.4
0.025980897448717625,1000.0,0.4
-0.04961769977367044,1000.0,0.4
-0.14183582826102836,1000.0,0.4
-0.151383551862746,1000.0,0.4
-0.03312365259314915,1000.0,0.4
-0.030183939567494728,1000.0,0.4
0.03441437621884417,1000.0,0.4
0.049497458883857835,1000.0,0.4
0.14565218979742,1000.0,0.4
0.061941967272055996,1000.0,0.4
-0.04575492544563267,1000.0,0.4
0.05599700052913353,1000.0,0.4
0.055017920786365686,1000.0,0.4
-0.18500773249253907,1000.0,0.4
0.19896446781564694,1000.0,0.4
0.12082019023536154,1000.0,0.4
0.01903324693261317,1000.0,0.4
-0.0010387520250966186,1000.0,0.4
-0.06179872341913762,1000.0,0.4
0.021756814850058353,1000.0,0.4
0.11190147427169908,1000.0,0.4
-0.1499361301161273,1000.0,0.4
-0.20519200291158224,1000.0,0.4
0.06163889558356098,1000.0,0.4
-0.1658802757188565,1000.0,0.4
0.0016767624854469977,1000.0,0.4
-0.20726972845319008,1000.0,0.4
0.040018636443165924,1000.0,0.4
0.10901433845291014,1000.0,0.4
0.0499469355214509,1000.0,0.4
-0.030711045185635145,1000.0,0.4
0.033890493306769125,1000.0,0.4
-0.1311935268844798,1000.0,0.4
-0.04877010944945015,1000.0,0.4
-0.04228994706267216,1000.0,0.4
-0.06555215752267102,1000.0,0.4
-0.13114269428304132,1000.0,0.4
0.008821990890118704,1000.0,0.4
0.02427878420907089,1000.0,0.4
-0.13714957140907102,1000.0,0.4
-0.05907667043405511,1000.0,0.4
0.2635948443852295,1000.0,0.4
0.010914383477384562,1000.0,0.4
0.07542937594390171,1000.0,0.4
0.11478940224496659,1000.0,0.4
-0.14565200799927303,1000.0,0.4
-0.3140715382037189,1000.0,0.4
-0.05471563507034559,1000.0,0.4
0.03438476849401238,1000.0,0.4
0.07223852863453367,1000.0,0.4
0.006363492739285596,1000.0,0.4
0.12633306594077073,1000.0,0.4
0.07197357991031134,1000.0,0.4
0.09199565639133296,1000.0,0.4
-0.026133686164693908,1000.0,0.4
0.03152654777633633,1000.0,0.4
0.13357234549371516,1000.0,0.4
0.11488223274020265,1000.0,0.4
0.043933408758597935,1000.0,0.4
0.0021537825493419464,1000.0,0.4
0.046324223262063584,1000.0,0.4
-0.08592862799952605,1000.0,0.4
-0.08183569451245339,1000.0,0.4
0.1070086035010313,1000.0,0.4
-0.09659890878801211,1000.0,0.4
-0.1427082422107703,1000.0,0.4
-0.0671310585583866,1000.0,0.4
-0.07822960327994707,1000.0,0.4
-0.04401852268222585,1000.0,0.4
-0.048821646844171895,1000.0,0.4
0.19954785525741991,1000.0,0.4
-0.0699058644687679,1000.0,0.4
-0.14838874403352417,1000.0,0.4
-0.18883465351199644,1000.0,0.4
0.05092361277986888,1000.0,0.4
0.24067750085299783,1000.0,0.4
0.19351268811899539,1000.0,0.4
0.17329908181739562,1000.0,0.4
0.013581239265996895,1000.0,0.4
-0.09870610730819124,1000.0,0.4
-0.0010327271459630977,1000.0,0.4
-0.023989469571976358,1000.0,0.4
0.09983605711689741,1000.0,0.4
-0.07170028032829068,1000.0,0.4
-0.053632733178532475,1000.0,0.4
-0.05064920002801186,1000.0,0.4
-0.015937044836936923,1000.0,0.4
-0.052185311491449914,1000.0,0.4
-0.021229951366978687,1000.0,0.4
0.317300448987322,1000.0,0.4
0.031112533735193917,1000.0,0.4
0.11464665282579817,1000.0,0.4
0.10937562544689956,1000.0,0.4
0.0051761804321826446,1000.0,0.4
-0.1477078946856571,1000.0,0.4
0.03660467196741901,1000.0,0.4
0.09498269186511696,1000.0,0.4
0.22861662789782242,1000.0,0.4
-0.050629975971111296,1000.0,0.4
0.022895020558136574,1000.0,0.4
0.027607456428840386,1000.0,0.4
0.08130642570874863,1000.0,0.4
0.04297200221212356,1000.0,0.4
0.14755350224325373,1000.0,0.4
0.09448868805108027,1000.0,0.4
0.22483050871646776,1000.0,0.4
0.011478819230537849,1000.0,0.4
-0.11749612903234677,1000.0,0.4
0.012237719758204639,1000.0,0.4
-0.01385251254899459,1000.0,0.4
-0.04403274320813975,1000.0,0.4
-0.06753573667089316,1000.0,0.4
0.0058961180454007835,1000.0,0.4
-0.18381921333929427,1000.0,0.4
-0.12697087062184573,1000.0,0.4
0.0804860202087456,1000.0,0.4
0.07249453253071336,1000.0,0.4
-0.17478928109602093,1000.0,0.4
0.14124347126596942,1000.0,0.4
-0.08981451032755379,1000.0,0.4
0.08136326372887731,1000.0,0.4
-0.19324353341259384,1000.0,0.4
0.02918030953603767,1000.0,0.4
0.125760024530261,1000.0,0.4
0.10455436834960474,1000.0,0.4
0.017277302417629075,1000.0,0.4
-0.021432681267250127,1000.0,0.4
0.20618155459242923,1000.0,0.4
-0.02147112633343576,1000.0,0.4
-0.07186321949044923,1000.0,0.4
0.1907449197455786,1000.0,0.4
-0.09639932803189867,1000.0,0.4
0.08720318045921724,1000.0,0.4
-0.05992994519073106,1000.0,0.4
-0.017614245836317294,1000.0,0.4
0.2381874130747193,1000.0,0.4
0.08530411132895596,1000.0,0.4
-0.16308037555286875,1000.0,0.4
0.09764311624908502,1000.0,0.4
0.1334868974299252,1000.0,0.4
0.15978584470054114,1000.0,0.4
0.14010883649045713,1000.0,0.4
-0.003963645082011471,1000.0,0.4
-0.09964205291051591,1000.0,0.4
0.08923276640021384,1000.0,0.4
-0.131099484356549,1000.0,0.4
0.022911098141435177,1000.0,0.4
0.008954449982603715,1000.0,0.4
-0.15555306931492743,1000.0,0.4
-0.051333685658959786,1000.0,0.4
0.0567287393515836,1000.0,0.4
-0.13062342062205407,1000.0,0.4
0.013959985020825063,1000.0,0.4
-0.1821148015008664,1000.0,0.4
0.10062623925656118,1000.0,0.4
0.2082472165791451,1000.0,0.4
-0.019981113244554132,1000.0,0.4
0.008546940415660077,1000.0,0.4
0.03810242967890628,1000.0,0.4
0.3603707358026106,1000.0,0.4
-0.005613783048095407,1000.0,0.4
-0.14937873003374208,1000.0,0.4
0.027221623056759077,1000.0,0.4
0.005044916654754328,1000.0,0.4
0.05689233048948539,1000.0,0.4
0.0039896997640192335,1000.0,0.4
0.0722970760929037,1000.0,0.4
-0.06901191677519929,1000.0,0.4
-0.00950441423194133,1000.0,0.4
0.19699356986994224,1000.0,0.4
-0.02216923796388254,1000.0,0.4
-0.03788724718707877,1000.0,0.4
0.1511246255363815,1000.0,0.4
-0.12754380228535891,1000.0,0.4
0.004516830641942863,1000.0,0.4
0.09733209244310803,1000.0,0.4
-0.15373991897086295,1000.0,0.4
0.1439010826805391,1000.0,0.4
0.02653320165886547,1000.0,0.4
0.07058867379583819,1000.0,0.4
0.0018897483264527504,1000.0,0.4
0.21534463288945813,1000.0,0.4
0.13525427076229343,1000.0,0.4
0.008589679709780725,1000.0,0.4
0.0872879003603068,1000.0,0.4
-0.16593077380207485,1000.0,0.4
-0.10839702736190478,1000.0,0.4
0.10454930345535074,1000.0,0.4
-0.06758417998619258,1000.0,0.4
0.1631071461186797,1000.0,0.4
0.11472389455017487,1000.0,0.4
0.0811260940254785,1000.0,0.4
0.3174441060483837,1000.0,0.4
0.07330732162095566,1000.0,0.4
-0.061546198230006455,1000.0,0.4
-0.010482547135527575,1000.0,0.4
0.10939255125832813,1000.0,0.4
-0.08210044394556973,1000.0,0.4
-0.34031720890179623,1000.0,0.4
0.272566933059242,1000.0,0.4
0.09931377030561146,1000.0,0.4
0.10455931174926116,1000.0,0.4
-0.0856901352843297,1000.0,0.4
-0.1096645198413562,1000.0,0.4
0.17761161869647588,1000.0,0.4
0.07990327860049616,1000.0,0.4
-0.06095763892302823,1000.0,0.4
0.1786885667551742,1000.0,0.4
0.037222977967320776,1000.0,0.4
0.19224451570563109,1000.0,0.4
-0.0028143385941844555,1000.0,0.4
0.023883395079605983,1000.0,0.4
0.03337363382438926,1000.0,0.4
0.01697440399630225,1000.0,0.4
0.03407364741151831,1000.0,0.4
-0.07089583919198042,1000.0,0.4
0.04920752896464041,1000.0,0.4
0.039066178752539385,1000.0,0.4
-0.017594172526348234,1000.0,0.4
0.18519609698122272,1000.0,0.4
0.10351324085061259,1000.0,0.4
-0.043692727182943265,1000.0,0.4
-0.18072056295165456,1000.0,0.4
-0.06896197133817195,1000.0,0.4
0.0761961180527925,1000.0,0.4
-0.04847875603265692,1000.0,0.4
0.09428367218178174,1000.0,0.4
-0.21534691871231257,1000.0,0.4
-0.02194943739753056,1000.0,0.4
-0.082539863695047,1000.0,0.4
-0.06268967927116739,1000.0,0.4
0.07481780775300924,1000.0,0.4
-0.01799438253983966,1000.0,0.4
0.27119114627194035,1000.0,0.4
0.006696882557978195,1000.0,0.4
0.04051217451855896,1000.0,0.4
-0.08642909677920692,1000.0,0.4
-0.1304824026879397,1000.0,0.4
-0.11136966901611742,1000.0,0.4
-0.060215002836356404,1000.0,0.4
0.017355588224103026,1000.0,0.4
-0.019228479533372374,1000.0,0.4
-0.03844394837463463,1000.0,0.4
-0.08907433610518412,1000.0,0.4
-0.2386762753034799,1000.0,0.4
0.016954017794682367,1000.0,0.4
-0.0769187865833991,1000.0,0.4
0.010514645649079024,1000.0,0.4
-0.008508504017152398,1000.0,0.4
0.10654949178399084,1000.0,0.4
-0.14684885462275055,1000.0,0.4
-0.23871531483957176,1000.0,0.4
-0.25540054420501057,1000.0,0.4
0.08403397237084181,1000.0,0.4
-0.08497273436445653,1000.0,0.4
0.13086567978357969,1000.0,0.4
-0.015074204231289405,1000.0,0.4
-0.04019950415817329,1000.0,0.4
-0.08802614444435432,1000.0,0.4
-0.07745170926090435,1000.0,0.4
0.06264701517872831,1000.0,0.4
0.013995611130805219,1000.0,0.4
-0.11878893210185656,1000.0,0.4
-0.28121170727835954,1000.0,0.4
-0.20421482902441762,1000.0,0.4
0.07070845480633654,1000.0,0.4
0.2231383574643016,1000.0,0.4
-0.013543094953364919,1000.0,0.4
0.10407252674499712,1000.0,0.4
0.17102550745322664,1000.0,0.4
0.01357382407440063,1000.0,0.4
-0.011672826913615948,1000.0,0.4
-0.01230716707975646,1000.0,0.4
-0.14479648869911643,1000.0,0.4
-0.052392324937050955,1000.0,0.4
-0.08482746903318729,1000.0,0.4
0.13210571399007706,1000.0,0.4
0.10389392367099483,1000.0,0.4
0.04145624613947424,1000.0,0.4
0.09834334278631814,1000.0,0.4
0.018103444631489406,1000.0,0.4
-0.1420181583953602,1000.0,0.4
0.014493427913868304,1000.0,0.4
0.10378447425575965,1000.0,0.4
0.09284537050387201,1000.0,0.4
0.1249501295918688,1000.0,0.4
0.02602269419149676,1000.0,0.4
0.007277953989008289,1000.0,0.4
-0.06860964390543815,1000.0,0.4
0.1436771349939524,1000.0,0.4
-0.00036498253889207893,1000.0,0.4
-0.06427066674948763,1000.0,0.4
0.010221642426138603,1000.0,0.4
-0.019276461810308957,1000.0,0.4
-0.20131311708349986,1000.0,0.4
0.0025965558579466867,1000.0,0.4
-0.11435343037960004,1000.0,0.4
-0.006842681710697848,1000.0,0.4
-0.15717029293399631,1000.0,0.4
-0.09548864327688603,1000.0,0.4
-0.03461256162989523,1000.0,0.4
-0.05832032929895991,1000.0,0.4
-0.1715986545310432,1000.0,0.4
0.1393021824357868,1000.0,0.4
-0.08321479898492457,1000.0,0.4
0.2632329940716522,1000.0,0.4
0.1598694101706192,1000.0,0.4
-0.02169476868818565,1000.0,0.4
-0.07814202144229618,1000.0,0.4
0.01730766657144627,1000.0,0.4
-0.06400267748338967,1000.0,0.4
0.07867638383708368,1000.0,0.4
-0.09069288657766629,1000.0,0.4
0.17747972708390572,1000.0,0.4
-0.2412280264936264,1000.0,0.4
-0.05723019011759275,1000.0,0.4
-0.06858166205508881,1000.0,0.4
0.38798908379319197,1000.0,0.4
0.008539028882289811,1000.0,0.4
-0.09116633165606881,1000.0,0.4
-0.025542598926745524,1000.0,0.4
0.006406822978025087,1000.0,0.4
-0.05017955342115989,1000.0,0.4
0.10582769670335679,1000.0,0.4
0.16189026427583547,1000.0,0.4
-0.010146273106441922,1000.0,0.4
0.10455660547165843,1000.0,0.4
0.08263257506377693,1000.0,0.4
0.07944503701206858,1000.0,0.4
-0.27110688049386245,1000.0,0.4
-0.0007972899309568123,1000.0,0.4
-0.02279996183368716,1000.0,0.4
-0.043923882719130135,1000.0,0.4
-0.16179631249296358,1000.0,0.4
0.18138537978564562,1000.0,0.4
0.06720000210555185,1000.0,0.4
-0.01955542175411807,1000.0,0.4
0.12530236274873877,1000.0,0.4
-0.02239911671556362,1000.0,0.4
-0.16155881964934596,1000.0,0.4
-0.07475307159244476,1000.0,0.4
0.034784256342649575,1000.0,0.4
-0.07023276367395771,1000.0,0.4
-0.12346165366327715,1000.0,0.4
0.013120326278799442,1000.0,0.4
0.038098967440269034,1000.0,0.4
-0.10868158800563733,1000.0,0.4
-0.011594883422076051,1000.0,0.4
0.07658435234986583,1000.0,0.4
-0.040815698103688694,1000.0,0.4
0.0927196803632767,1000.0,0.4
0.11807203877919871,1000.0,0.4
-0.017058248486833242,1000.0,0.4
0.18802850042790914,1000.0,0.4
0.024017786166296115,1000.0,0.4
0.17655499683493095,1000.0,0.4
0.09945505100532248,1000.0,0.4
0.08553681233224375,1000.0,0.4
0.07895053296652116,1000.0,0.4
0.03594984050089851,1000.0,0.4
-0.1087002476102591,1000.0,0.4
0.041708993783538845,1000.0,0.4
-0.10493356820222711,1000.0,0.4
0.010875841472497556,1000.0,0.4
-0.12070481241563079,1000.0,0.4
0.09256118911140582,1000.0,0.4
-0.0025091510753256817,1000.0,0.4
-0.04663950111886772,1000.0,0.4
-0.02527055697561257,1000.0,0.4
-0.06614310240399497,1000.0,0.4
-0.017542745610935606,1000.0,0.4
-0.10858402182163293,1000.0,0.4
-0.0411066665380477,1000.0,0.4
0.13101842188036805,1000.0,0.4
0.19736005084292965,1000.0,0.4
-0.004983251486995373,1000.0,0.4
0.0930983977848357,1000.0,0.4
-0.03478541819925221,1000.0,0.4
-0.053994477363852,1000.0,0.4
0.03518645349818284,1000.0,0.4
0.06136567580761096,1000.0,0.4
0.04706611799519897,1000.0,0.4
-0.027256011496590786,1000.0,0.4
0.14252318063158023,1000.0,0.4
0.11304159849841576,1000.0,0.4
-0.13788194114436444,1000.0,0.4
-0.06130085137712417,1000.0,0.4
-0.029578986541137782,1000.0,0.4
-0.08431580176796202,1000.0,0.4
-0.23066468637335277,1000.0,0.4
-0.10818389435391725,1000.0,0.4
-0.042841148392306086,1000.0,0.4
-0.031766641912241336,1000.0,0.4
-0.09182614218019639,1000.0,0.4
-0.14373851287918843,1000.0,0.4
-0.00630017995399577,1000.0,0.4
0.045025736609150824,1000.0,0.4
-0.07097835827485156,1000.0,0.4
0.11796404180933197,1000.0,0.4
0.05412744973673741,1000.0,0.4
0.06587230640700215,1000.0,0.4
-0.0414938095799149,1000.0,0.4
0.0047003338107143855,1000.0,0.4
0.0929368532034587,1000.0,0.4
0.10934127683694711,1000.0,0.4
0.12629811288670068,1000.0,0.4
0.19691279898723943,1000.0,0.4
-2.6183713487932434,1000.0,4.0
2.3618611635080455,1000.0,4.0
-3.3195671762326704,1000.0,4.0
-0.7130465656417316,1000.0,4.0
3.3599470595218865,1000.0,4.0
1.7490791901039913,1000.0,4.0
0.8839292004405053,1000.0,4.0
0.7451720287537813,1000.0,4.0
0.08729938780051294,1000.0,4.0
-3.7060372715822796,1000.0,4.0
5.719696957610185,1000.0,4.0
5.358463774194057,1000.0,4.0
-4.667843027704925,1000.0,4.0
1.9887223629542836,1000.0,4.0
0.6141400774635276,1000.0,4.0
-1.791543949283107,1000.0,4.0
-1.7060830808350518,1000.0,4.0
1.2764553238306797,1000.0,4.0
-2.929615920542419,1000.0,4.0
3.8164429289704898,1000.0,4.0
-2.3521691399752345,1000.0,4.0
-0.889125520782133,1000.0,4.0
-0.0910423322402426,1000.0,4.0
-2.8447332350799317,1000.0,4.0
2.707904781306363,1000.0,4.0
-2.9031201554546944,1000.0,4.0
3.6198983437298473,1000.0,4.0
1.6220856206972456,1000.0,4.0
-0.11921831302759985,1000.0,4.0
4.1666718461040295,1000.0,4.0
-2.362353786418214,1000.0,4.0
0.048779559029620514,1000.0,4.0
3.328679860170338,1000.0,4.0
1.325453475203024,1000.0,4.0
3.978487987484085,1000.0,4.0
6.112351334338888,1000.0,4.0
2.8114745452653196,1000.0,4.0
2.720378135251378,1000.0,4.0
0.331722063813993,1000.0,4.0
-1.2976203684771168,1000.0,4.0
3.4258979236520393,1000.0,4.0
2.7215487934935405,1000.0,4.0
-1.210161471293012,1000.0,4.0
-1.5885216657373429,1000.0,4.0
-0.5899984215185131,1000.0,4.0
4.3783747808235765,1000.0,4.0
2.6471158715974603,1000.0,4.0
-2.9667554326339127,1000.0,4.0
2.552427312607735,1000.0,4.0
3.450260181341769,1000.0,4.0
-2.3064801556866072,1000.0,4.0
-2.720892589035799,1000.0,4.0
4.303114791296049,1000.0,4.0
1.173794144091124,1000.0,4.0
-1.5877489443758164,1000.0,4.0
3.404591205547322,1000.0,4.0
-4.83693860189697,1000.0,4.0
0.10528907105505936,1000.0,4.0
-0.855374174339376,1000.0,4.0
4.409953198000438,1000.0,4.0
-1.8009979970561356,1000.0,4.0
0.6127925582412335,1000.0,4.0
-1.2970017433563097,1000.0,4.0
5.676166464874606,1000.0,4.0
-4.639792844813584,1000.0,4.0
-1.091542709835231,1000.0,4.0
-1.2179965396327752,1000.0,4.0
-0.01276628827179713,1000.0,4.0
1.4271159928049908,1000.0,4.0
-4.854791678219081,1000.0,4.0
-3.6973303671059807,1000.0,4.0
-0.8443396366613327,1000.0,4.0
-6.202721814089178,1000.0,4.0
3.5002477574657878,1000.0,4.0
-1.4366988573513941,1000.0,4.0
0.2840985499136995,1000.0,4.0
-1.4700620237739705,1000.0,4.0
-3.7246239391810807,1000.0,4.0
3.212499982879798,1000.0,4.0
7.239798230373787,1000.0,4.0
-2.8485964166024873,1000.0,4.0
-2.088352015853578,1000.0,4.0
1.276648800216853,1000.0,4.0
3.049166876754982,1000.0,4.0
-1.762989794379912,1000.0,4.0
-1.1770391338170065,1000.0,4.0
-1.0914063557427414,1000.0,4.0
0.07158827453852036,1000.0,4.0
0.41377009676347765,1000.0,4.0
-4.890605481334154,1000.0,4.0
-0.799782595491068,1000.0,4.0
-0.3322985777500492,1000.0,4.0
2.1174989928831143,1000.0,4.0
-1.6526877170847472,1000.0,4.0
-0.8178999801111181,1000.0,4.0
-0.6909556011468238,1000.0,4.0
0.9847307557146119,1000.0,4.0
0.6931934032717941,1000.0,4.0
-0.8180038792191857,1000.0,4.0
-2.6968515475495556,1000.0,4.0
0.39836292841642024,1000.0,4.0
-0.019822724769414237,1000.0,4.0
-0.1775430740820199,1000.0,4.0
0.6058163159720327,1000.0,4.0
0.23328012996151473,1000.0,4.0
3.5288456875684417,1000.0,4.0
1.6684992468809239,1000.0,4.0
-3.4074248617833276,1000.0,4.0
-4.682917483306707,1000.0,4.0
0.4734919182766261,1000.0,4.0
-0.7180761956550284,1000.0,4.0
-5.102540807030233,1000.0,4.0
-4.919079845389846,1000.0,4.0
0.40351138948582693,1000.0,4.0
-2.394245910819386,1000.0,4.0
2.4330915190971756,1000.0,4.0
-0.808396461962287,1000.0,4.0
5.456854027958695,1000.0,4.0
-1.4344454201940018,1000.0,4.0
-3.0918453935675534,1000.0,4.0
1.389060454251029,1000.0,4.0
-3.8827632593626937,1000.0,4.0
-2.809641767343317,1000.0,4.0
-4.89719117594603,1000.0,4.0
1.5044945652844646,1000.0,4.0
1.0581687702105467,1000.0,4.0
1.3684106556210798,1000.0,4.0
-4.903756007227117,1000.0,4.0
1.5261150963898522,1000.0,4.0
0.34445493128504234,1000.0,4.0
-1.8637940487772457,1000.0,4.0
5.016756773536052,1000.0,4.0
3.2923545285026536,1000.0,4.0
1.3806452091701775,1000.0,4.0
-1.8423239114840837,1000.0,4.0
2.674081343759135,1000.0,4.0
0.9679180531509232,1000.0,4.0
-0.7641758359236049,1000.0,4.0
-3.366861252153856,1000.0,4.0
-4.082158102873281,1000.0,4.0
0.11414120250469588,1000.0,4.0
-1.438021713732131,1000.0,4.0
0.12481192747407625,1000.0,4.0
-3.3591105912130557,1000.0,4.0
-0.9028537125349085,1000.0,4.0
-1.4558470258738956,1000.0,4.0
0.22881154778493074,1000.0,4.0
-1.091765402116186,1000.0,4.0
3.477065660915329,1000.0,4.0
3.183249284121172,1000.0,4.0
1.1210923136880797,1000.0,4.0
1.35983229137386,1000.0,4.0
3.7830438630464216,1000.0,4.0
4.02336693067333,1000.0,4.0
-0.3079873128894985,1000.0,4.0
-4.294611180976211,1000.0,4.0
0.75059159539614,1000.0,4.0
4.477418682327977,1000.0,4.0
-1.1589138158600603,1000.0,4.0
2.7021660656449176,1000.0,4.0
1.3614969363958855,1000.0,4.0
4.330902605145827,1000.0,4.0
-4.618583146440915,1000.0,4.0
-2.5676699409705663,1000.0,4.0
1.4493005438445434,1000.0,4.0
-1.0791495559636435,1000.0,4.0
0.9526239276062413,1000.0,4.0
-2.191069345760129,1000.0,4.0
2.87418152432335,1000.0,4.0
0.36312457103358814,1000.0,4.0
-2.9316122451743034,1000.0,4.0
4.978941040773054,1000.0,4.0
0.17784976007622802,1000.0,4.0
4.125921570863097,1000.0,4.0
2.6315085815062336,1000.0,4.0
3.584933729768821,1000.0,4.0
-1.376753125247163,1000.0,4.0
0.8045774440641761,1000.0,4.0
-0.4445058286040763,1000.0,4.0
-3.6081829437629658,1000.0,4.0
-3.4168674407718687,1000.0,4.0
-2.019089711913482,1000.0,4.0
1.9496388587160405,1000.0,4.0
5.047607010280688,1000.0,4.0
6.228391429103604,1000.0,4.0
-1.4015576412067978,1000.0,4.0
3.4225702211566507,1000.0,4.0
0.41801797257791334,1000.0,4.0
-0.42538714649022075,1000.0,4.0
3.1859106590135244,1000.0,4.0
2.469338130079129,1000.0,4.0
0.37044257759605914,1000.0,4.0
4.247865436340628,1000.0,4.0
2.1131430695192415,1000.0,4.0
-2.109762215587991,1000.0,4.0
2.3569192443858245,1000.0,4.0
0.37050465868776,1000.0,4.0
-2.9241097795168955,1000.0,4.0
-0.9598853396381558,1000.0,4.0
-0.6825211736791372,1000.0,4.0
1.7099568782575856,1000.0,4.0
0.2541596565967794,1000.0,4.0
0.38311440396292656,1000.0,4.0
-2.191362797050976,1000.0,4.0
1.4153365294395512,1000.0,4.0
-1.6927187877827259,1000.0,4.0
4.224675782736638,1000.0,4.0
-2.2521465894724266,1000.0,4.0
-2.7005366105038275,1000.0,4.0
0.38923412555273257,1000.0,4.0
-0.2726100390430871,1000.0,4.0
0.45478448255628656,1000.0,4.0
-1.1071379577546951,1000.0,4.0
0.021568793971807453,1000.0,4.0
-0.6087682900724338,1000.0,4.0
-2.5593977158868024,1000.0,4.0
4.403190199598178,1000.0,4.0
-1.7961605452440106,1000.0,4.0
1.6247227218659743,1000.0,4.0
0.7147965909806565,1000.0,4.0
-0.2975158747583455,1000.0,4.0
-1.8592017541432795,1000.0,4.0
-0.8799354799588975,1000.0,4.0
-2.6836877190549555,1000.0,4.0
1.901353888785965,1000.0,4.0
1.7117320671489353,1000.0,4.0
2.716400930747527,1000.0,4.0
-1.0850726643602397,1000.0,4.0
4.206626182020724,1000.0,4.0
-5.161990560021727,1000.0,4.0
2.6372170615623736,1000.0,4.0
2.5160887175641626,1000.0,4.0
-0.6080142251696655,1000.0,4.0
-4.072224875577977,1000.0,4.0
-4.736209560439552,1000.0,4.0
1.4392219312865373,1000.0,4.0
4.53807710224566,1000.0,4.0
-0.7053280987880929,1000.0,4.0
1.4853231889151184,1000.0,4.0
-0.9271030768084747,1000.0,4.0
2.8125638695520725,1000.0,4.0
-0.43720221600745146,1000.0,4.0
1.767550785728102,1000.0,4.0
-1.95774251534285,1000.0,4.0
-5.437974687119732,1000.0,4.0
0.047798836715358894,1000.0,4.0
-1.8365064382159053,1000.0,4.0
1.906832338393266,1000.0,4.0
-3.004721262248322,1000.0,4.0
-0.34538644314924355,1000.0,4.0
-3.51366143758243,1000.0,4.0
-0.43970175924851623,1000.0,4.0
1.0607668436797066,1000.0,4.0
0.685446912959789,1000.0,4.0
-0.7710057955259928,1000.0,4.0
0.2253748871640725,1000.0,4.0
-0.15755348568143032,1000.0,4.0
1.7238113770004522,1000.0,4.0
0.7209246097738701,1000.0,4.0
-3.0767075889598554,1000.0,4.0
-2.264937795394325,1000.0,4.0
-0.37338281310909427,1000.0,4.0
2.0134117753329934,1000.0,4.0
2.1882738057913373,1000.0,4.0
-2.1247131579891625,1000.0,4.0
0.6499314780823915,1000.0,4.0
-1.990206157959393,1000.0,4.0
-1.5204028200424566,1000.0,4.0
1.1198733088479829,1000.0,4.0
2.7311384764076267,1000.0,4.0
-2.0085350571488965,1000.0,4.0
0.30323676431976493,1000.0,4.0
-0.10429730067237329,1000.0,4.0
-4.69269232188166,1000.0,4.0
-0.4106114760390054,1000.0,4.0
0.695062512147078,1000.0,4.0
2.422593372274268,1000.0,4.0
1.3889132871600003,1000.0,4.0
-2.7287762933077317,1000.0,4.0
-1.101716170208835,1000.0,4.0
-3.0062296618525,1000.0,4.0
-2.640224429055578,1000.0,4.0
3.8390019225246284,1000.0,4.0
1.3257995208187603,1000.0,4.0
2.372948694900624,1000.0,4.0
1.169696685206605,1000.0,4.0
2.2996686321992224,1000.0,4.0
0.20872733968755586,1000.0,4.0
-3.0207126383078204,1000.0,4.0
-0.3084304380276575,1000.0,4.0
-1.3175687122466586,1000.0,4.0
-3.386434935132816,1000.0,4.0
3.2964562915572295,1000.0,4.0
-0.34393481686428046,1000.0,4.0
-2.2970627389817393,1000.0,4.0
0.9533229109415334,1000.0,4.0
2.8582713329700318,1000.0,4.0
1.0245485285198446,1000.0,4.0
0.15598869157092737,1000.0,4.0
-3.6481472625751437,1000.0,4.0
3.9096425253378073,1000.0,4.0
-2.1977331651424983,1000.0,4.0
-3.9421058132845523,1000.0,4.0
0.004802740781358868,1000.0,4.0
-1.553598292972759,1000.0,4.0
-0.26102560676827563,1000.0,4.0
1.7309869824650208,1000.0,4.0
3.368688358537847,1000.0,4.0
1.3447204647489819,1000.0,4.0
-2.794290396270863,1000.0,4.0
0.4412842546410865,1000.0,4.0
-3.028570031756895,1000.0,4.0
-1.2961434754344339,1000.0,4.0
6.421445943262655,1000.0,4.0
-3.24724405329839,1000.0,4.0
-2.825972107982515,1000.0,4.0
1.6678343740059398,1000.0,4.0
3.763281429421831,1000.0,4.0
-3.4097197239303783,1000.0,4.0
4.147261618619609,1000.0,4.0
-2.4269549062682896,1000.0,4.0
3.494568663985443,1000.0,4.0
-3.6591658660338244,1000.0,4.0
-5.195965000111743,1000.0,4.0
-0.9007135016983252,1000.0,4.0
-6.027219161755536,1000.0,4.0
-1.092668295596221,1000.0,4.0
0.2874289754992402,1000.0,4.0
0.19613084063785843,1000.0,4.0
-1.5206932963331523,1000.0,4.0
0.11431714961716653,1000.0,4.0
-0.05619404370870915,1000.0,4.0
-1.2456100121876403,1000.0,4.0
-1.9698822779329406,1000.0,4.0
-2.1685960417077776,1000.0,4.0
0.8986674767870085,1000.0,4.0
-5.873903373226038,1000.0,4.0
-0.2980898284562326,1000.0,4.0
2.3875113742535983,1000.0,4.0
0.6133832645688846,1000.0,4.0
0.8400432759692466,1000.0,4.0
-0.019514519943366802,1000.0,4.0
-1.1542360785496555,1000.0,4.0
5.2234532186892215,1000.0,4.0
-5.109109669097534,1000.0,4.0
-2.720635555020333,1000.0,4.0
-2.9067328754764605,1000.0,4.0
1.8520327702250778,1000.0,4.0
-1.337944918882351,1000.0,4.0
1.7928484953256698,1000.0,4.0
-3.295372833774015,1000.0,4.0
-2.1776186969177673,1000.0,4.0
-6.28183955974238,1000.0,4.0
2.279598460518816,1000.0,4.0
-0.4723310394173765,1000.0,4.0
4.348347755201962,1000.0,4.0
-0.4918165065833939,1000.0,4.0
-0.12359561104655026,1000.0,4.0
-3.405500042329425,1000.0,4.0
5.389152211348705,1000.0,4.0
4.961561211524118,1000.0,4.0
-3.321936869050767,1000.0,4.0
-1.709601402048283,1000.0,4.0
0.2648233271747359,1000.0,4.0
-0.17407743784116878,1000.0,4.0
-2.863158907426537,1000.0,4.0
-1.2337308150776052,1000.0,4.0
3.7551858016885507,1000.0,4.0
2.0833528501298813,1000.0,4.0
-2.3097353660144226,1000.0,4.0
-1.643752599045444,1000.0,4.0
-0.9666913807237711,1000.0,4.0
-4.375235049580716,1000.0,4.0
-2.568566255750853,1000.0,4.0
-2.997825144219196,1000.0,4.0
1.1033754393002528,1000.0,4.0
-2.5095880775275967,1000.0,4.0
1.5548004818796304,1000.0,4.0
2.412037941195028,1000.0,4.0
3.7161272492083492,1000.0,4.0
-0.003690650221330829,1000.0,4.0
2.140374490033804,1000.0,4.0
4.703208921161155,1000.0,4.0
-0.7006922699692808,1000.0,4.0
-0.7470765488570207,1000.0,4.0
-2.1698325858427947,1000.0,4.0
3.633512575427451,1000.0,4.0
-3.4545081514960447,1000.0,4.0
-0.017138420064532964,1000.0,4.0
0.13175286541837902,1000.0,4.0
-1.6979046926304582,1000.0,4.0
-4.929130145544258,1000.0,4.0
0.8941723185978475,1000.0,4.0
0.5647288364280064,1000.0,4.0
3.2605970132863704,1000.0,4.0
-5.506251661174485,1000.0,4.0
-0.1328311364488336,1000.0,4.0
0.6322429625474613,1000.0,4.0
-2.5879004318861263,1000.0,4.0
1.9984125057102102,1000.0,4.0
-1.5642724687514238,1000.0,4.0
-2.056466000451821,1000.0,4.0
-1.7984017793444806,1000.0,4.0
5.642528235521822,1000.0,4.0
5.833066379386168,1000.0,4.0
-5.213535975750188,1000.0,4.0
-1.7251229181258614,1000.0,4.0
0.6496968989373221,1000.0,4.0
-0.46104427030939044,1000.0,4.0
0.09616365602040018,1000.0,4.0
4.073429299142089,1000.0,4.0
4.060547875058496,1000.0,4.0
-1.971205183692579,1000.0,4.0
-0.2656505428605484,1000.0,4.0
1.8319225601139666,1000.0,4.0
-1.0926989260052147,1000.0,4.0
-4.751450395455809,1000.0,4.0
-2.6089286763062463,1000.0,4.0
-1.9452414201957056,1000.0,4.0
2.5287602926456487,1000.0,4.0
3.836837967093699,1000.0,4.0
-2.0669416506904783,1000.0,4.0
2.0691042420420507,1000.0,4.0
-0.8150487224399413,1000.0,4.0
0.2690993828841221,1000.0,4.0
0.6597662313352752,1000.0,4.0
2.6765707517815445,1000.0,4.0
-0.6109152038339422,1000.0,4.0
6.5081809568819455,1000.0,4.0
-2.7445337214314116,1000.0,4.0
-0.2916853793820968,1000.0,4.0
6.52113127759819,1000.0,4.0
-4.6327806570104935,1000.0,4.0
1.2425540911150137,1000.0,4.0
-2.6650201513226546,1000.0,4.0
-1.3475658588579782,1000.0,4.0
-0.5625347168661471,1000.0,4.0
-0.36628273479506473,1000.0,4.0
1.223816950095941,1000.0,4.0
-2.8206972036728613,1000.0,4.0
-0.8580900848701353,1000.0,4.0
-0.700142309428867,1000.0,4.0
2.626264758149941,1000.0,4.0
4.053698312170967,1000.0,4.0
3.880579207411475,1000.0,4.0
7.212707128297443,1000.0,4.0
0.057692589548620325,1000.0,4.0
4.5950423501195,1000.0,4.0
1.9902974311407615,1000.0,4.0
0.4117994880886086,1000.0,4.0
-1.98899849060249,1000.0,4.0
2.5722754470892126,1000.0,4.0
-1.3370532772117918,1000.0,4.0
-0.12611695550055638,1000.0,4.0
1.1806720617987827,1000.0,4.0
-1.4278844519276614,1000.0,4.0
0.1881176336496162,1000.0,4.0
-1.6248692794487738,1000.0,4.0
1.662261965175294,1000.0,4.0
2.7097369635178543,1000.0,4.0
-0.15747444589627663,1000.0,4.0
0.38311979631458504,1000.0,4.0
-0.04776474312341273,1000.0,4.0
-3.194945587372726,1000.0,4.0
-0.10172707001135639,1000.0,4.0
3.603645434960306,1000.0,4.0
-1.6655897424024073,1000.0,4.0
-0.4382008790911804,1000.0,4.0
-0.45702821559548995,1000.0,4.0
0.1796415478627139,1000.0,4.0
0.13904358276388523,1000.0,4.0
-4.268294511074797,1000.0,4.0
-4.542941690889285,1000.0,4.0
0.25335881436672525,1000.0,4.0
-3.5639132117681065,1000.0,4.0
-2.389480150711319,1000.0,4.0
3.893110525424865,1000.0,4.0
4.262049762032603,1000.0,4.0
-1.3775538712188748,1000.0,4.0
-1.5180980368985262,1000.0,4.0
1.7210366248536855,1000.0,4.0
1.6707614403679147,1000.0,4.0
1.3771236668770748,1000.0,4.0
-0.674018366763375,1000.0,4.0
5.034615156564473,1000.0,4.0
0.7961825149500397,1000.0,4.0
3.8897054318003605,1000.0,4.0
-0.16676707787864892,1000.0,4.0
-1.628023690121285,1000.0,4.0
2.119958785837081,1000.0,4.0
-0.8342367906825877,1000.0,4.0
-2.871700482400935,1000.0,4.0
2.089111455925669,1000.0,4.0
-3.082390122930387,1000.0,4.0
0.9015699530825354,1000.0,4.0
-3.3150086888779073,1000.0,4.0
2.1726135285356563,1000.0,4.0
0.4657298221467929,1000.0,4.0
-2.1984875385258156,1000.0,4.0
-0.5548931418772258,1000.0,4.0
-1.3050624252440413,1000.0,4.0
1.1516682247892258,1000.0,4.0
1.250943454641265,1000.0,4.0
-1.7995762884527209,1000.0,4.0
-3.5879866595222456,1000.0,4.0
2.0961644315002004,1000.0,4.0
-2.530385055315463,1000.0,4.0
0.5023546448955294,1000.0,4.0
3.663596549030245,1000.0,4.0
-3.2479118079946065,1000.0,4.0
0.21252192958285548,1000.0,4.0
-1.0378127762209766,1000.0,4.0
-3.4968117738477167,1000.0,4.0
-0.3836171399293336,1000.0,4.0
1.8045756924386487,1000.0,4.0
0.3273919351293417,1000.0,4.0
2.6943860811103817,1000.0,4.0
1.414466124323148,1000.0,4.0
0.3528978489923452,1000.0,4.0
-3.799425494805017,1000.0,4.0
-0.2643501380653554,1000.0,4.0
1.2689866998595047,1000.0,4.0
-0.9810165126999818,1000.0,4.0
-1.5068544964723594,1000.0,4.0
-1.266900880797933,1000.0,4.0
-5.826571672294114,1000.0,4.0
-0.6657466008898362,1000.0,4.0
0.6148678749296188,1000.0,4.0
0.7601413463211166,1000.0,4.0
-0.7142704950435405,1000.0,4.0
-0.12642370027893937,1000.0,4.0
0.7460716895213676,1000.0,4.0
0.35454361233477816,1000.0,4.0
-4.7160985831191224,1000.0,4.0
3.7777241543534505,1000.0,4.0
0.17936219395892777,1000.0,4.0
-1.3566227217926354,1000.0,4.0
-2.665200706255337,1000.0,4.0
1.8948941102951045,1000.0,4.0
1.5793687527036289,1000.0,4.0
0.9533656508636901,1000.0,4.0
-3.2612049959010303,1000.0,4.0
3.1429411262356304,1000.0,4.0
-3.094468594721108,1000.0,4.0
3.213448629054162,1000.0,4.0
-5.210108060845704,1000.0,4.0
-0.38202283992487546,1000.0,4.0
-0.8233982244934583,1000.0,4.0
3.4528971286243504,1000.0,4.0
-2.490345746327093,1000.0,4.0
-3.9829960828473423,1000.0,4.0
-3.4606995375337246,1000.0,4.0
-0.8632627951675,1000.0,4.0
-2.6596744189256327,1000.0,4.0
-4.585635599280671,1000.0,4.0
-0.25057954676937444,1000.0,4.0
-2.271655820372225,1000.0,4.0
-0.7254653834562291,1000.0,4.0
0.2439957727880944,1000.0,4.0
3.050084517194531,1000.0,4.0
0.6847912249669285,1000.0,4.0
-1.4641589356879565,1000.0,4.0
0.2764790739086328,1000.0,4.0
-1.0403478998454723,1000.0,4.0
-0.8887107806780765,1000.0,4.0
-0.9171005060661183,1000.0,4.0
-1.2498039537343382,1000.0,4.0
-3.5218797193960443,1000.0,4.0
-0.058572347107435314,1000.0,4.0
-0.1605454092720574,1000.0,4.0
0.42823145412655256,1000.0,4.0
-1.527087864431636,1000.0,4.0
-0.4882773087000353,1000.0,4.0
-3.6003741808093914,1000.0,4.0
0.16922909275670425,1000.0,4.0
-0.5849229925996057,1000.0,4.0
-1.0611608266481365,1000.0,4.0
0.17861308202292497,1000.0,4.0
-7.096965179339716,1000.0,4.0
-1.566714503279682,1000.0,4.0
-1.3536575744052117,1000.0,4.0
1.0727284755558184,1000.0,4.0
2.123996960263815,1000.0,4.0
-2.410454385347338,1000.0,4.0
4.9704568757187735,1000.0,4.0
4.27718059289079,1000.0,4.0
-1.0724659237184322,1000.0,4.0
3.2614940143281017,1000.0,4.0
3.4129911435683433,1000.0,4.0
-0.4372828323486805,1000.0,4.0
-4.692917174444615,1000.0,4.0
-3.6338113416892526,1000.0,4.0
-1.7966451627820086,1000.0,4.0
0.08078177669315918,1000.0,4.0
2.6567839080972413,1000.0,4.0
1.313929703572612,1000.0,4.0
-3.1498712523242354,1000.0,4.0
-2.635883718148144,1000.0,4.0
-1.530421328395591,1000.0,4.0
0.7399185458705124,1000.0,4.0
-1.5613783556302825,1000.0,4.0
-4.645174121922639,1000.0,4.0
0.8056982337203217,1000.0,4.0
0.17720822291635166,1000.0,4.0
-0.31068943748285255,1000.0,4.0
1.8308243495632477,1000.0,4.0
3.5989260077063663,1000.0,4.0
-5.200966652704292,1000.0,4.0
-1.0996155239027694,1000.0,4.0
0.5284857134853118,1000.0,4.0
-0.11453518962489775,1000.0,4.0
-1.8801399272677852,1000.0,4.0
5.081336337185563,1000.0,4.0
3.476854906832271,1000.0,4.0
0.025392060011330778,1000.0,4.0
0.9670862872086317,1000.0,4.0
-1.5327887901867487,1000.0,4.0
-1.8933303994481951,1000.0,4.0
-1.888980253398652,1000.0,4.0
0.44421299761146493,1000.0,4.0
2.81722161777162,1000.0,4.0
-2.7743097346586167,1000.0,4.0
0.4767334921448912,1000.0,4.0
3.712904469341183,1000.0,4.0
-2.1532596247631224,1000.0,4.0
-0.3159330449849365,1000.0,4.0
-1.229722846604778,1000.0,4.0
-1.9265997931214154,1000.0,4.0
-5.7891839748678064,1000.0,4.0
4.506882907357089,1000.0,4.0
-0.3561715812688557,1000.0,4.0
4.056108229560487,1000.0,4.0
-2.7665213922355303,1000.0,4.0
1.4982142133764684,1000.0,4.0
0.026674167077714913,1000.0,4.0
2.7680433345534396,1000.0,4.0
-0.15472647994708016,1000.0,4.0
-3.5062144952038055,1000.0,4.0
1.765809740894146,1000.0,4.0
-1.9429840439720578,1000.0,4.0
-1.332195458390488,1000.0,4.0
-1.6320209900138807,1000.0,4.0
1.7562322014429728,1000.0,4.0
5.976411806625595,1000.0,4.0
-3.9006576249616685,1000.0,4.0
-2.949084562137069,1000.0,4.0
0.40125010902108393,1000.0,4.0
0.20531237281577158,1000.0,4.0
-4.677151215121049,1000.0,4.0
-3.1665617808644013,1000.0,4.0
-2.665481244150799,1000.0,4.0
2.2650592413215813,1000.0,4.0
3.736919853562516,1000.0,4.0
2.305432062925788,1000.0,4.0
1.9310680744708253,1000.0,4.0
-0.2744151964695681,1000.0,4.0
2.7978394810723106,1000.0,4.0
-0.32620558436236885,1000.0,4.0
1.0080679867684454,1000.0,4.0
1.8006372639411905,1000.0,4.0
-0.26040656259898304,1000.0,4.0
2.2072389258659757,1000.0,4.0
-3.6433975180850067,1000.0,4.0
3.0163998700576387,1000.0,4.0
1.1065024513255148,1000.0,4.0
-3.594909129071496,1000.0,4.0
2.371423873080851,1000.0,4.0
-3.729249427864762,1000.0,4.0
4.174735382190468,1000.0,4.0
-1.2005016151871313,1000.0,4.0
1.7191164459911907,1000.0,4.0
0.1047011813954203,1000.0,4.0
-4.576052143556157,1000.0,4.0
2.470507275325966,1000.0,4.0
2.5073121795453117,1000.0,4.0
-3.5806317217851973,1000.0,4.0
-0.07587489818718997,1000.0,4.0
-0.9293480892648981,1000.0,4.0
3.7884407828840754,1000.0,4.0
-1.1656393802848426,1000.0,4.0
-2.110853113324772,1000.0,4.0
-0.5682064886291814,1000.0,4.0
-2.4394919431462494,1000.0,4.0
1.140302425766142,1000.0,4.0
0.3346934245994909,1000.0,4.0
0.005838860290960029,1000.0,4.0
1.499115808935843,1000.0,4.0
0.892010009692057,1000.0,4.0
0.08218896509640523,1000.0,4.0
0.8811626809817233,1000.0,4.0
-3.5695314852147844,1000.0,4.0
-3.1642314391591135,1000.0,4.0
4.373899202329174,1000.0,4.0
1.0492708922414795,1000.0,4.0
1.3888984686259356,1000.0,4.0
2.325799108119601,1000.0,4.0
-2.522268044058105,1000.0,4.0
0.6680516313424786,1000.0,4.0
0.5578312456632175,1000.0,4.0
-0.7914344607642665,1000.0,4.0
-1.8589118278316636,1000.0,4.0
4.281616489812387,1000.0,4.0
-0.25341474935818004,1000.0,4.0
-3.2202767852792635,1000.0,4.0
0.7029086389355617,1000.0,4.0
-2.3168139617184496,1000.0,4.0
4.158724547514284,1000.0,4.0
-0.5498273562684453,1000.0,4.0
-2.534300125776971,1000.0,4.0
-0.7852822364338925,1000.0,4.0
-2.088336480165064,1000.0,4.0
-2.2798549337003973,1000.0,4.0
-1.1466636627997169,1000.0,4.0
-1.9347615935425293,1000.0,4.0
3.409946966169495,1000.0,4.0
0.1639752196931742,1000.0,4.0
-2.687124028155853,1000.0,4.0
0.9609100850120106,1000.0,4.0
-0.12863643531070643,1000.0,4.0
-4.608337300739441,1000.0,4.0
-3.199357517085808,1000.0,4.0
-0.1112536064373168,1000.0,4.0
-0.47548268319266523,1000.0,4.0
-2.3502518802253354,1000.0,4.0
4.065458794970313,1000.0,4.0
-1.7902448603462948,1000.0,4.0
1.9841985375452462,1000.0,4.0
2.2645110588619803,1000.0,4.0
-3.2606490585137347,1000.0,4.0
-0.16086704652838205,1000.0,4.0
4.2818707325159275,1000.0,4.0
0.20401748383128107,1000.0,4.0
-1.4349943005929218,1000.0,4.0
-3.245481956898565,1000.0,4.0
-3.411138587520694,1000.0,4.0
-5.306525878352707,1000.0,4.0
0.9049512640642267,1000.0,4.0
-0.4673833782687125,1000.0,4.0
-2.564654547298371,1000.0,4.0
-2.620934138591528,1000.0,4.0
4.593980131035147,1000.0,4.0
1.61678996349486,1000.0,4.0
-0.2693210696035596,1000.0,4.0
1.6984302996376544,1000.0,4.0
1.2362255824563964,1000.0,4.0
-2.163696181132869,1000.0,4.0
-5.465842263925471,1000.0,4.0
1.2596741221617287,1000.0,4.0
2.281885922083681,1000.0,4.0
2.536548001788739,1000.0,4.0
2.143581590326149,1000.0,4.0
0.9801539726610825,1000.0,4.0
-3.1846895810078024,1000.0,4.0
3.6345932365686573,1000.0,4.0
-3.34469958180574,1000.0,4.0
1.353596617783621,1000.0,4.0
-1.3186688504542856,1000.0,4.0
3.386988499686797,1000.0,4.0
-2.3293660444443445,1000.0,4.0
-4.3456314746244225,1000.0,4.0
-1.8024221388640436,1000.0,4.0
-2.5358006931571624,1000.0,4.0
-0.9281632141210828,1000.0,4.0
1.5835068950597948,1000.0,4.0
-0.6590422049755796,1000.0,4.0
-2.040562927549417,1000.0,4.0
1.5683120274035285,1000.0,4.0
-5.592150863329949,1000.0,4.0
-0.31001092710275563,1000.0,4.0
2.6266665560790954,1000.0,4.0
-0.23340792705384159,1000.0,4.0
1.1175342628633997,1000.0,4.0
2.3019976785814005,1000.0,4.0
3.8971241814521784,1000.0,4.0
-0.7025355402571422,1000.0,4.0
4.21692327658927,1000.0,4.0
-3.1150673088361063,1000.0,4.0
-0.7189063138572936,1000.0,4.0
-1.5582288094755512,1000.0,4.0
-1.8880267061087512,1000.0,4.0
1.3255508769664406,1000.0,4.0
1.593440913773038,1000.0,4.0
-0.5204762180847726,1000.0,4.0
-0.6214736411927295,1000.0,4.0
1.7494008794003348,1000.0,4.0
-1.3443231410015177,1000.0,4.0
0.6229962827121867,1000.0,4.0
-0.471797362839492,1000.0,4.0
1.1670928673219108,1000.0,4.0
0.40838710141742146,1000.0,4.0
-0.6671543556411513,1000.0,4.0
0.023890531383093425,1000.0,4.0
-0.6290836067910863,1000.0,4.0
1.149274583157585,1000.0,4.0
-3.491353880139416,1000.0,4.0
1.8339824738254173,1000.0,4.0
3.2780451947424125,1000.0,4.0
1.8569033042502943,1000.0,4.0
-0.6332439103589232,1000.0,4.0
-3.07304103191036,1000.0,4.0
-5.978428254180661,1000.0,4.0
-3.001975140016984,1000.0,4.0
-0.05744268749830944,1000.0,4.0
-3.5002372583697987,1000.0,4.0
2.755813141219428,1000.0,4.0
-1.3492367932935503,1000.0,4.0
-1.2694395478594653,1000.0,4.0
-1.1611381139061436,1000.0,4.0
-1.7482282026671532,1000.0,4.0
-3.5776880489420466,1000.0,4.0
0.7630581825499202,1000.0,4.0
-3.5017751687475425,1000.0,4.0
-3.456942281173032,1000.0,4.0
-2.003316729597336,1000.0,4.0
-1.1805100511572542,1000.0,4.0
0.352259231550073,1000.0,4.0
1.0218713621779116,1000.0,4.0
-1.8345221009238775,1000.0,4.0
2.348924350914492,1000.0,4.0
-0.6848207320888094,1000.0,4.0
4.5200430556213,1000.0,4.0
-0.733710919548201,1000.0,4.0
-1.8023858979607739,1000.0,4.0
-0.7792177368711407,1000.0,4.0
-2.807191765009245,1000.0,4.0
-3.6054022173174345,1000.0,4.0
2.2077148955314527,1000.0,4.0
0.9104286520756023,1000.0,4.0
2.3715139770459737,1000.0,4.0
-2.419237469738544,1000.0,4.0
-0.30763195102831903,1000.0,4.0
3.2833871348466723,1000.0,4.0
3.5272072295587185,1000.0,4.0
0.24488642815512499,1000.0,4.0
-2.562569310274264,1000.0,4.0
-0.18995999349519463,1000.0,4.0
4.601405337803229,1000.0,4.0
-1.7106894180072227,1000.0,4.0
0.38151109940136047,1000.0,4.0
-2.139016968476895,1000.0,4.0
-0.5415813637208313,1000.0,4.0
2.8090812722563814,1000.0,4.0
-0.40006548765606087,1000.0,4.0
-0.7448374564752971,1000.0,4.0
2.150596461839941,1000.0,4.0
-0.627448606105969,1000.0,4.0
-3.366106865664558,1000.0,4.0
-0.7800535906842764,1000.0,4.0
2.723103433309085,1000.0,4.0
0.4537900781140281,1000.0,4.0
-6.293920566848429,1000.0,4.0
-4.275794330377395,1000.0,4.0
-1.724205487674952,1000.0,4.0
-0.6762486217314043,1000.0,4.0
-1.6720732492141797,1000.0,4.0
0.20437083073344586,1000.0,4.0
-0.6645286598830155,1000.0,4.0
2.9887449585769454,1000.0,4.0
-3.5350840858251513,1000.0,4.0
-0.8810211218573716,1000.0,4.0
-3.0245117327833286,1000.0,4.0
4.476311405881746,1000.0,4.0
-0.6633921136321658,1000.0,4.0
-3.1357591213412386,1000.0,4.0
4.226130000279242,1000.0,4.0
-0.16862193913551637,1000.0,4.0
2.526991657831307,1000.0,4.0
-3.9029947763532347,1000.0,4.0
-1.5415410520160462,1000.0,4.0
-4.200338289597497,1000.0,4.0
1.016931289651854,1000.0,4.0
0.3518326724806387,1000.0,4.0
3.783916501431165,1000.0,4.0
1.678888019124407,1000.0,4.0
-3.836315752173316,1000.0,4.0
-6.02615683651959,1000.0,4.0
1.8857152061408693,1000.0,4.0
-2.225501797403404,1000.0,4.0
1.188532190661516,1000.0,4.0
-3.436613511666764,1000.0,4.0
-2.2108805880095868,1000.0,4.0
2.0415596962218507,1000.0,4.0
-4.4843256795674735,1000.0,4.0
0.5719805819360932,1000.0,4.0
1.5406819459241183,1000.0,4.0
-1.0141951437971515,1000.0,4.0
0.3514726301673661,1000.0,4.0
-0.6693317470357044,1000.0,4.0
-1.3849516436506444,1000.0,4.0
-0.6737847487661802,1000.0,4.0
0.0656380972761132,1000.0,4.0
0.1786627276604134,1000.0,4.0
-4.030837381123108,1000.0,4.0
6.077841730174562,1000.0,4.0
-1.2572694328497849,1000.0,4.0
1.8160874479178484,1000.0,4.0
1.9651918039758909,1000.0,4.0
-0.9607815825944033,1000.0,4.0
1.8275899040202412,1000.0,4.0
-0.4464593641469365,1000.0,4.0
5.399096657379439,1000.0,4.0
0.30502193299464503,1000.0,4.0
-0.2884017242272097,1000.0,4.0
1.2835190167923143,1000.0,4.0
-2.6071936831866154,1000.0,4.0
-2.2221068624335216,1000.0,4.0
0.7952668042643597,1000.0,4.0
2.0227789646869105,1000.0,4.0
-2.037576486593605,1000.0,4.0
-1.6280495008284879,1000.0,4.0
0.19908117256981714,1000.0,4.0
5.940866751463409,1000.0,4.0
-0.6568808154440118,1000.0,4.0
4.908953202224744,1000.0,4.0
-1.6677885589654344,1000.0,4.0
0.0881268735098454,1000.0,4.0
4.220022086878797,1000.0,4.0
-3.952355855470859,1000.0,4.0
-2.550399693024744,1000.0,4.0
0.6058997534176005,1000.0,4.0
-1.5472286377909847,1000.0,4.0
-1.2555967783990716,1000.0,4.0
1.18623244341585,1000.0,4.0
2.195239153524159,1000.0,4.0
-1.9543389452047324,1000.0,4.0
1.6134781876693427,1000.0,4.0
-1.2367114753258708,1000.0,4.0
-3.0158865662289784,1000.0,4.0
-0.9685743085251751,1000.0,4.0
-0.9258750933268699,1000.0,4.0
-1.422854813045181,1000.0,4.0
0.241269188790515,1000.0,4.0
0.208684451098918,1000.0,4.0
-0.6362756629997426,1000.0,4.0
1.4391438237861347,1000.0,4.0
-6.917441663261924,1000.0,4.0
0.7345270570154148,1000.0,4.0
-2.6541176427645325,1000.0,4.0
-0.5207855773115707,1000.0,4.0
3.4026981930843747,1000.0,4.0
3.677737979746435,1000.0,4.0
-1.5605760664417554,1000.0,4.0
-2.2358996919299963,1000.0,4.0
1.7254477263473538,1000.0,4.0
0.4279493755712146,1000.0,4.0
-0.8808274499804868,1000.0,4.0
0.19958984423661602,1000.0,4.0
-2.8800314277066787,1000.0,4.0
-0.8195732482454263,1000.0,4.0
1.0115776627464137,1000.0,4.0
-0.5961628770207754,1000.0,4.0
-4.759698344967893,1000.0,4.0
-0.11660613641651514,1000.0,4.0
0.23030436875742114,1000.0,4.0
0.10289900638991387,1000.0,4.0
-1.648047895553433,1000.0,4.0
-2.1409619184509894,1000.0,4.0
-1.5959691201040214,1000.0,4.0
-0.7738888561759936,1000.0,4.0
3.1513791925144243,1000.0,4.0
1.22563190680068,1000.0,4.0
-2.9064023699360413,1000.0,4.0
4.385217114275374,1000.0,4.0
3.599391644349754,1000.0,4.0
0.47015819635093453,1000.0,4.0
0.7349582319711503,1000.0,4.0
-5.708979151494606,1000.0,4.0
-3.4827128504571507,1000.0,4.0
-2.7626736050461442,1000.0,4.0
-0.4729148136347037,1000.0,4.0
1.1558283944678207,1000.0,4.0
3.9081480485264475,1000.0,4.0
-0.8273462137135221,1000.0,4.0
0.7184254640558835,1000.0,4.0
-3.05950553115178,1000.0,4.0
2.3071135463334858,1000.0,4.0
1.7799066816877531,1000.0,4.0
-0.9209997074962413,1000.0,4.0
-1.7958287064416905,1000.0,4.0
-1.9876382423850667,1000.0,4.0
1.1205098063839458,1000.0,4.0
1.69776926450596,1000.0,4.0
0.5565969151818381,1000.0,4.0
1.0785995883559094,1000.0,4.0
-0.7247195929196483,1000.0,4.0
-2.097095243348983,1000.0,4.0
0.5163086470309817,1000.0,4.0
-3.739442412482641,1000.0,4.0
0.3281542088086655,1000.0,4.0
3.2812054718766253,1000.0,4.0
1.4591993484736878,1000.0,4.0
2.789073011403961,1000.0,4.0
-1.1709208954851145,1000.0,4.0
0.8233798704357652,1000.0,4.0
-1.912224861109773,1000.0,4.0
3.721600791340526,1000.0,4.0
-4.146549575602681,1000.0,4.0
2.2423869215475984,1000.0,4.0
-1.1752615448036017,1000.0,4.0
-1.0138907015997534,1000.0,4.0
